author_ID,paper_freq,h_index,name_of_author,total_papers,citation_count,average_citations,country,institute,institute_ID,average_coauthors,connected_countries,connected_institutes,average_h_index_of_coauthors,average_DCM_papers_of_coauthors,author_classification
14524979500,5,26,Huang W.,146,2172,14.876712328767123,Taiwan,Veterans General Hospital-Taipei,103695753,7.2,1,3,23.643835616438356,5.082191780821918,2
57154897100,5,30,Cheng H.,99,2733,27.606060606060606,Taiwan,School of Medicine,101257099,7.2,1,3,22.630434782608695,5.0978260869565215,1
36454813000,4,12,Ko C.,21,553,26.333333333333332,Taiwan,National Yang-Ming University Taiwan,113664035,7.25,1,3,25.82089552238806,5.208955223880597,2
23502223100,6,25,Wu J.,157,2084,13.273885350318471,Taiwan,Veterans General Hospital-Taipei,103695753,6.5,1,3,24.11627906976744,4.883720930232558,2
35272027700,16,33,Iwasaki M.,148,4096,27.675675675675677,Japan,Osaka Rosai Hospital,60014073,5.375,1,14,35.7008547008547,11.11111111111111,1
35271904600,7,14,Fujimori T.,41,589,14.365853658536585,Japan,Japan Community Healthcare Organization Osaka Hospital,114306069,9.0,1,24,31.288888888888888,10.8,2
26026973800,4,14,Ishii T.,20,988,49.4,Japan,"National Hospital Organization, Japan",113613372,6.5,1,6,33.25,13.6,2
36192079400,4,11,Nagamoto Y.,39,308,7.897435897435898,Japan,Osaka Rosai Hospital,113494060,7.0,1,4,33.0,12.68421052631579,2
8959871900,16,22,Sakaura H.,60,1840,30.666666666666668,Japan,Japan Community Healthcare Organization Osaka Hospital,114306069,5.1875,1,11,34.51948051948052,12.103896103896103,2
7403289965,18,76,Yoshikawa H.,975,25779,26.44,Japan,Toyonaka Municipal Hospital,106532139,5.277777777777778,1,13,23.14457831325301,11.144578313253012,0
55604312100,4,8,Sarkar S.,15,143,9.533333333333333,India,"Christian Medical College, Vellore",110107480,3.25,2,3,19.25,7.625,3
7006832286,8,19,Chacko A.,115,1233,10.721739130434782,India,"Christian Medical College, Vellore",110107480,3.375,2,3,14.1875,4.875,2
7003980398,19,53,Riew K.,329,9466,28.772036474164135,United States,Columbia University in the City of New York,124480942,6.105263157894737,4,33,34.85964912280702,7.701754385964913,0
56189719400,2,6,Schranck F.,13,54,4.153846153846154,United States,SPIRITT Research,114434214,5.5,1,3,32.5,10.833333333333334,3
53164383200,2,6,Moriyama T.,13,100,7.6923076923076925,Japan,Takarazuka City Hospital,118164591,6.5,1,1,37.0,5.0,3
35496490800,5,37,Yoshiya S.,333,5898,17.71171171171171,Japan,Hyogo College of Medicine,100285462,5.8,1,6,22.125,5.0625,1
56700270200,8,8,Haddas R.,38,164,4.315789473684211,United States,Texas Back Institute,60020125,4.0,1,3,3.730769230769231,5.615384615384615,3
57205707211,6,3,Boah A.,4,20,5.0,United States,Texas Back Institute,60020125,4.5,1,3,4.782608695652174,5.913043478260869,3
55828672900,3,3,Arakal R.,4,20,5.0,United States,Texas Back Institute,60020125,5.0,1,3,5.071428571428571,6.071428571428571,3
57194471875,9,5,Ju K.,9,42,4.666666666666667,United States,Texas Back Institute,60020125,4.222222222222222,2,5,6.0625,5.5625,3
6603840014,4,7,Belanger T.,16,388,24.25,United States,Texas Back Institute,110073995,4.75,1,2,4.5,6.1875,2
10540091700,6,24,Sakai Y.,81,1520,18.765432098765434,Japan,National Center for Geriatrics and Gerontology - National Institute for Longevity Sciences,114562601,6.5,2,12,27.458333333333332,9.541666666666666,2
57202423437,2,2,Koshimizu H.,3,7,2.3333333333333335,Japan,Nagoya University School of Medicine,108184374,5.0,1,3,16.666666666666668,7.666666666666667,3
36016444900,11,15,Hida T.,65,986,15.169230769230769,Japan,Japanese Red Cross Nagoya Daini Hospital,120184301,7.818181818181818,1,10,23.63013698630137,14.712328767123287,2
56203333800,6,11,Ito K.,89,538,6.044943820224719,Japan,Japanese Organization of the Study for Ossification of Spinal Ligament (JOSL),124134898,9.333333333333334,1,9,26.066666666666666,14.488888888888889,2
57207039394,2,2,Li Y.,11,4,0.36363636363636365,China,Luohe Central Hospital,122120793,4.5,0,0,0.0,0.0,3
6603402906,12,29,Chikuda H.,141,4194,29.74468085106383,Japan,Graduate School of Medicine,124525153,8.25,1,27,24.63157894736842,8.802631578947368,2
57210724491,3,2,Yue W.,10,10,1.0,Singapore,Mount Elizabeth Medical Centre,105462828,6.666666666666667,1,3,5.928571428571429,4.142857142857143,3
57044894000,2,2,Ling Z.,11,10,0.9090909090909091,Singapore,Singapore General Hospital,113195985,7.0,1,3,5.285714285714286,4.142857142857143,3
57205709827,2,3,Chen L.,5,24,4.8,Singapore,Singapore General Hospital,113195985,6.5,1,3,5.75,4.375,3
57210726896,3,2,Guo C.,14,12,0.8571428571428571,Singapore,Singapore General Hospital,113195985,6.666666666666667,1,3,5.545454545454546,4.0,3
7403366574,9,17,Tan S.,57,1326,23.263157894736842,Singapore,Singapore General Hospital,60017958,6.888888888888889,2,5,9.222222222222221,4.148148148148148,2
7003660965,8,70,Shaffrey C.,554,17475,31.54332129963899,United States,Duke University Health System,60004654,14.875,2,21,48.25757575757576,9.303030303030303,1
6603391848,5,67,McGirt M.,321,13809,43.018691588785046,United States,Carolina Neurosurgery & Spine Associates,60076639,9.8,1,6,36.523809523809526,7.238095238095238,1
7003796252,7,43,Sasso R.,147,5698,38.76190476190476,United States,Indiana Spine Group,60002944,9.142857142857142,2,17,47.0,9.625,1
35448072700,7,56,Anderson P.,318,10320,32.45283018867924,United States,University of Wisconsin-Madison,60032179,3.7142857142857144,1,5,43.0,12.0,1
57206243894,2,7,Qi M.,11,166,15.090909090909092,China,Second Military Medical University,112136803,6.0,1,4,21.571428571428573,8.571428571428571,3
7201517333,16,29,Yuan W.,270,3262,12.08148148148148,China,Changzheng Hospital,113918965,6.5,2,11,13.206896551724139,4.655172413793103,2
7501614559,6,29,Hanfu H.,329,3652,11.100303951367781,China,Northwest Normal University,103234440,8.333333333333334,2,6,12.515151515151516,6.121212121212121,2
54931860200,5,12,Kato S.,66,522,7.909090909090909,Japan,University of Tokyo,60025272,7.0,1,13,25.185185185185187,10.0,2
57208660616,11,15,Oshima Y.,101,1152,11.405940594059405,Japan,University of Tokyo Hospital,100298467,7.2727272727272725,2,16,25.63235294117647,8.955882352941176,2
55555616600,11,55,Tanaka S.,519,15010,28.921001926782274,Japan,University of Tokyo,60025272,6.909090909090909,2,13,18.396825396825395,8.80952380952381,0
37087741600,7,10,Taniguchi Y.,56,411,7.339285714285714,Japan,University of Tokyo,105707743,7.0,2,10,24.976744186046513,9.604651162790697,2
55866729400,6,7,Matsubayashi Y.,33,154,4.666666666666667,Japan,University of Tokyo Hospital,60004225,7.166666666666667,2,8,25.675675675675677,9.756756756756756,3
35207858400,7,6,Zhou F.,21,137,6.523809523809524,China,Peking University Third Hospital,123446544,4.571428571428571,2,4,11.52,6.96,3
55702248700,5,9,Zhang F.,33,284,8.606060606060606,China,Peking University Third Hospital,123446544,7.2,2,5,11.194444444444445,7.027777777777778,2
56275471800,4,6,Zhao Y.,15,123,8.2,China,Peking University Third Hospital,123446544,5.25,2,3,10.894736842105264,7.421052631578948,3
8073277200,12,12,Sun Y.,42,362,8.619047619047619,China,Peking University Third Hospital,123446544,5.166666666666667,2,5,11.018518518518519,5.703703703703703,2
7402713216,6,6,Pan S.,26,152,5.846153846153846,China,Peking University Third Hospital,123446544,5.5,2,3,11.736842105263158,7.0,3
56275613300,3,3,Zhang Y.,6,64,10.666666666666666,China,Peking University Third Hospital,123446544,4.666666666666667,1,1,9.5,7.5,3
56549203400,3,1,Tang Y.,2,6,3.0,China,Peking University Third Hospital,123446544,4.0,1,1,19.5,10.0,3
55673699800,8,27,Liu Z.,185,2839,15.345945945945946,China,Peking University Third Hospital,123446544,4.125,1,1,8.151515151515152,6.848484848484849,2
56680615700,7,16,Kimura A.,58,829,14.293103448275861,Japan,Jichi Medical University,108094550,9.714285714285714,1,23,23.3,8.08,2
7202870103,18,31,Takeshita K.,153,2747,17.954248366013072,Japan,Jichi Medical University,60102128,8.61111111111111,1,30,27.53153153153153,8.522522522522523,1
57190295473,5,14,Inoue H.,46,559,12.152173913043478,Japan,Jichi Medical University,108094550,7.6,1,10,20.724137931034484,7.827586206896552,2
7403997133,3,6,Endo T.,17,107,6.294117647058823,Japan,Jichi Medical University,108094550,5.333333333333333,1,4,17.923076923076923,7.384615384615385,3
35238506600,8,65,Smith J.,445,15190,34.13483146067416,United States,University of Virginia,60021918,13.75,2,20,48.50769230769231,9.36923076923077,1
56590896900,7,54,Takahashi K.,572,11930,20.856643356643357,Japan,Chiba University,103191846,13.571428571428571,1,17,29.477272727272727,8.613636363636363,1
26967671500,6,18,Furuya T.,157,1282,8.165605095541402,Japan,Japanese Organization of the Study for Ossification of Spinal Ligament (JOSL),124134898,13.333333333333334,1,14,27.594594594594593,6.783783783783784,2
12776896400,7,32,Koda M.,220,3066,13.936363636363636,Japan,Japanese Organization of the Study for Ossification of Spinal Ligament (JOSL),124134898,12.428571428571429,1,15,24.95,6.525,1
7402387545,10,40,Yamazaki M.,324,5192,16.02469135802469,Japan,University of Tsukuba,60014256,11.9,1,28,23.029850746268657,6.223880597014926,0
7404036396,6,31,Yoon S.,97,3016,31.09278350515464,United States,Emory University School of Medicine,60002339,12.166666666666666,2,18,48.907407407407405,10.222222222222221,1
7404921099,8,19,Song Y.,283,1303,4.604240282685512,China,West China School of Medicine/West China Hospital of Sichuan University,123465160,6.5,1,3,14.5,6.571428571428571,2
56118160200,5,15,Liu L.,149,677,4.543624161073826,China,West China School of Medicine/West China Hospital of Sichuan University,123465160,7.4,1,3,15.636363636363637,7.545454545454546,2
56072774900,8,17,Liu H.,213,1058,4.967136150234742,China,The First Affiliated Hospital of Soochow University,123505395,6.75,1,2,15.416666666666666,6.833333333333333,2
35269786700,7,27,Smith Z.,156,2130,13.653846153846153,United States,University of Oklahoma Health Sciences Center,104510487,4.714285714285714,1,4,2.8,2.6,2
56683913000,2,3,Kojima M.,4,45,11.25,Japan,Chiba University Hospital,103215613,13.0,1,3,36.0,7.5,3
7201486435,6,34,Heller J.,104,5391,51.83653846153846,United States,Emory University School of Medicine,103166714,4.5,3,11,31.166666666666668,8.722222222222221,1
14006868500,11,38,Matsuyama Y.,293,4567,15.58703071672355,Japan,Hamamatsu University School of Medicine,60005684,6.363636363636363,2,11,27.17391304347826,13.065217391304348,1
57212622795,2,5,Huang S.,16,98,6.125,China,Nanchang University,113499754,5.5,1,1,8.0,2.0,3
56430460800,2,8,Long X.,17,144,8.470588235294118,China,Nanchang University,123452834,5.5,1,1,5.0,2.0,3
7202444605,7,12,Yamazaki A.,24,497,20.708333333333332,Japan,Niigata Central Hospital,102546097,5.428571428571429,1,4,17.142857142857142,4.785714285714286,2
57205170829,6,24,Watanabe K.,112,1439,12.848214285714286,Japan,Japanese Organization of the Study for Ossification of Spinal Ligament (JOSL),124134898,5.666666666666667,1,4,12.0,5.384615384615385,2
49964581000,3,6,Shoji H.,24,178,7.416666666666667,Japan,Niigata University School of Medicine,108089578,5.666666666666667,1,2,18.857142857142858,6.428571428571429,3
7005942578,28,94,Fehlings M.,1012,39339,38.87252964426877,Canada,University of Toronto Faculty of Medicine,60021600,7.107142857142857,5,33,37.401041666666664,10.447916666666666,0
56069545900,3,9,Liu S.,16,321,20.0625,United States,Naval Medical Center San Diego,113106246,12.333333333333334,2,9,53.0,9.7,2
57215943406,3,0,Kosztowski T.,1,0,0.0,United States,Texas Back Institute,60020125,4.0,1,1,5.333333333333333,7.666666666666667,3
57199328907,2,3,Hilton B.,5,13,2.6,United Kingdom,University of Cambridge,112961893,7.0,1,1,3.0,2.0,3
57205102958,2,3,Tempest-Mitchell J.,4,12,3.0,United Kingdom,University of Cambridge,112961893,7.0,1,1,3.0,2.0,3
9044180400,24,25,Ito K.,82,1605,19.573170731707318,Japan,Chubu Rosai Hospital,107166408,7.75,2,13,23.580246913580247,13.790123456790123,2
34975067800,13,58,Ishiguro N.,752,13050,17.35372340425532,Japan,Nagoya University Graduate School of Medicine,124486518,8.307692307692308,1,10,23.325,14.025,0
57208767575,10,32,Imagama S.,323,4486,13.888544891640867,Japan,Japanese Organization of the Study for Ossification of Spinal Ligament (JOSL),124134898,11.4,2,19,24.987951807228917,13.80722891566265,1
24366467300,19,20,MacHino M.,136,1244,9.147058823529411,Japan,Nagoya University Graduate School of Medicine,124486518,7.947368421052632,1,10,23.330985915492956,14.316901408450704,2
7102485453,23,29,Kato F.,130,2452,18.861538461538462,Japan,Chubu Rosai Hospital,107166408,7.478260869565218,1,11,23.1375,14.175,2
56109281900,2,2,Fawcett M.,2,57,28.5,Switzerland,AOSpine Research Network,109724878,4.5,2,4,52.2,16.2,3
8662634700,7,28,Singh A.,66,3437,52.07575757575758,Canada,University of Toronto,113876755,3.4285714285714284,3,6,42.0,12.857142857142858,2
55581352300,12,29,Tetreault L.,106,2815,26.556603773584907,Canada,University of Toronto,60016849,5.416666666666667,4,13,49.60919540229885,15.931034482758621,2
55823816100,6,16,Nouri A.,57,1257,22.05263157894737,Switzerland,Hôpitaux universitaires de Genève,60009963,6.666666666666667,4,10,50.19230769230769,16.846153846153847,2
56436594800,2,2,Chul Rhim S.,2,7,3.5,South Korea,Ulsan University,104661752,4.5,0,0,0.0,0.0,3
24173525700,2,6,Takabatake M.,13,250,19.23076923076923,Japan,Kobe Rosai Hospital,106732241,7.0,1,2,11.5,3.0,2
23995677100,3,11,Kaneyama S.,18,433,24.055555555555557,Japan,Kobe Rosai Hospital,106732241,6.333333333333333,1,3,11.9,3.1,2
17036840300,5,19,Sumi M.,53,1094,20.641509433962263,Japan,Kobe Rosai Hospital,106732241,6.0,1,6,21.647058823529413,4.352941176470588,2
7201732358,2,8,Kasahara K.,16,282,17.625,Japan,Kobe Rosai Hospital,106732241,7.0,1,2,11.0,3.0,2
10539108700,2,8,Kanemura A.,15,262,17.466666666666665,Japan,Kobe Rosai Hospital,114716672,7.0,1,1,11.0,3.0,2
57210771483,5,53,Lafage V.,433,11437,26.413394919168592,United States,Hospital for Special Surgery - New York,113536029,12.2,2,14,53.55555555555556,9.555555555555555,1
9841977000,5,55,Ames C.,495,11221,22.66868686868687,United States,"University of California, San Francisco",113831505,12.0,2,14,54.96153846153846,9.807692307692308,1
57193028941,3,4,Hopkins B.,24,54,2.25,United States,Northwestern University Feinberg School of Medicine,113831469,5.0,1,3,9.7,3.8,3
57203943133,3,2,Paliwal M.,6,13,2.1666666666666665,United States,University of Oklahoma Health Sciences Center,104510487,5.0,1,4,10.3,3.8,3
7102963869,19,58,Benzel E.,832,13695,16.46033653846154,United States,Cleveland Clinic Lerner College of Medicine of Case Western Reserve University,60080345,6.368421052631579,3,17,29.89142857142857,7.462857142857143,0
7003908393,6,28,Mroz T.,214,2733,12.771028037383177,United States,Cleveland Clinic Lerner College of Medicine of Case Western Reserve University,60080345,6.833333333333333,1,5,35.78,10.42,2
7103256066,6,32,Steinmetz M.,199,3257,16.366834170854272,United States,Cleveland Clinic Lerner College of Medicine of Case Western Reserve University,60080345,8.0,1,7,34.220338983050844,10.016949152542374,1
37037729400,6,20,Lubelski D.,125,1335,10.68,United States,Johns Hopkins School of Medicine,113142459,6.833333333333333,1,5,36.95774647887324,10.309859154929578,2
57203646597,19,39,Rajshekhar V.,296,5875,19.847972972972972,India,"Christian Medical College, Vellore",110107480,2.0,2,4,22.272727272727273,7.7272727272727275,1
7202944018,13,46,Arnold P.,300,6717,22.39,United States,"University of Kansas, School of Medicine",100305747,8.923076923076923,4,24,48.48913043478261,11.652173913043478,0
21643685700,11,34,Kopjar B.,119,3038,25.529411764705884,United States,"University of Washington, Seattle",60015481,7.7272727272727275,4,18,46.736111111111114,11.652777777777779,1
14027268300,4,6,Ren L.,20,144,7.2,China,Chui Yang Liu Hospital affiliated to Tsinghua University,123379451,5.75,1,3,17.363636363636363,8.272727272727273,3
15754933300,7,26,Zhang Y.,399,2858,7.162907268170426,China,Hebei Medical University,103539150,4.428571428571429,1,3,13.8,9.9,2
35409112400,2,6,Du W.,9,122,13.555555555555555,China,Hebei Medical University,103539206,5.0,1,3,15.2,8.8,3
55215138100,4,6,Zhang P.,13,104,8.0,China,Hebei Medical University,103539150,4.25,1,3,16.785714285714285,9.785714285714286,3
8524552000,11,18,Ding W.,164,1153,7.030487804878049,China,Hebei Medical University,103539206,4.7272727272727275,1,4,14.548387096774194,8.838709677419354,2
35774484100,17,18,Shen Y.,205,1344,6.556097560975609,China,Hebei Medical University,103539206,4.529411764705882,1,4,15.075,6.85,2
7401835571,6,15,Taniguchi S.,33,411,12.454545454545455,Japan,Kansai Medical University,100295381,8.833333333333334,1,22,23.025641025641026,8.974358974358974,2
7402504819,15,28,Tani T.,136,2551,18.75735294117647,Japan,Kubokawa Hospital,100570563,6.066666666666666,1,18,23.49230769230769,8.538461538461538,2
6506163209,2,7,Takemasa R.,19,260,13.68421052631579,Japan,Kochi University,103707331,9.0,1,3,20.555555555555557,9.777777777777779,2
7006991057,10,21,Ushida T.,135,1569,11.622222222222222,Japan,Aichi Medical University,103265969,4.6,1,5,18.837209302325583,9.13953488372093,2
7004205154,5,11,Chaloupka R.,57,536,9.403508771929825,Czech Republic,Fakultni Nemocnice Brno,60022084,7.4,1,5,14.964285714285714,7.392857142857143,2
57202605966,2,6,Takano Y.,15,126,8.4,Japan,Iwai Orthopaedic Medical Hospital,117644092,7.0,1,5,22.0,10.0,3
57189071246,2,4,Baba S.,5,79,15.8,Japan,Iwai Orthopaedic Medical Hospital,117644092,8.5,1,9,30.53846153846154,10.307692307692308,3
55292900000,3,7,Huang X.,19,139,7.315789473684211,China,Changhai Hospital,116451682,8.666666666666666,1,6,11.047619047619047,6.333333333333333,3
57188926364,5,12,Chen Z.,35,303,8.657142857142857,China,Shanghai Jiao Tong University,113623850,8.0,1,6,10.333333333333334,6.208333333333333,2
7103185447,13,17,Hou T.,88,862,9.795454545454545,China,Tongji University,105166145,6.076923076923077,1,9,9.578947368421053,5.175438596491228,2
57205849240,3,5,Cai B.,5,30,6.0,China,Changhai Hospital,104766404,8.666666666666666,1,6,11.333333333333334,6.333333333333333,3
55757770700,8,11,Li Z.,46,345,7.5,China,Dalian Medical University,103301663,6.875,1,9,11.522727272727273,6.2727272727272725,2
54781498400,6,12,Li F.,24,299,12.458333333333334,China,Changzheng Hospital,113715444,6.833333333333333,1,9,10.211538461538462,6.038461538461538,2
56699504700,2,8,Zhang Y.,10,193,19.3,China,Second Military Medical University,112136803,9.0,1,6,10.857142857142858,6.285714285714286,3
35452973500,12,62,Hilibrand A.,274,13074,47.715328467153284,United States,Thomas Jefferson University,60015277,8.0,1,5,50.81111111111111,9.477777777777778,0
56309167900,5,47,Anderson D.,221,6864,31.058823529411764,United States,Rothman Institute,60019861,10.2,1,4,44.42857142857143,9.489795918367347,1
6506146504,9,30,Radcliff K.,170,2656,15.623529411764705,United States,Rothman Institute,60019861,10.666666666666666,2,17,52.42528735632184,9.827586206896552,1
53881909800,5,17,Schroeder G.,194,1108,5.711340206185567,United States,Thomas Jefferson University,113697095,10.2,2,5,48.638297872340424,9.957446808510639,2
57206326058,17,84,Vaccaro A.,1073,27521,25.64864864864865,United States,Thomas Jefferson University,113697095,9.823529411764707,2,23,46.291666666666664,9.222222222222221,0
6508048952,7,35,Rihn J.,160,3267,20.41875,United States,Rothman Institute,60019861,10.142857142857142,1,4,49.36666666666667,9.683333333333334,1
23094238900,7,32,Kepler C.,239,3531,14.774058577405858,United States,Thomas Jefferson University,60015277,9.714285714285714,2,6,48.0,9.775862068965518,1
8084355300,4,9,Prabhu K.,36,225,6.25,India,"Christian Medical College, Vellore",103068292,4.25,2,2,17.1,6.3,2
7201791596,5,20,Daniel R.,182,1378,7.571428571428571,Switzerland,Centre Hospitalier Universitaire Vaudois,114511715,3.4,1,2,14.272727272727273,6.181818181818182,2
56079973200,3,7,Peters C.,17,194,11.411764705882353,United States,Washington University School of Medicine in St. Louis,113642565,3.0,2,2,28.0,10.5,3
57195064485,2,6,Ninomiya K.,18,208,11.555555555555555,Japan,Tokyo Dental College,103614092,4.5,1,1,14.0,4.0,2
7202404890,4,14,Shiraishi T.,36,672,18.666666666666668,Japan,Shiraishi Spine Clinic,118904488,3.5,1,3,9.666666666666666,2.6666666666666665,2
56486172100,2,3,Lee J.,3,153,51.0,South Korea,Soonchunhyang University,104298131,3.0,1,2,30.0,11.0,3
54890067800,6,5,Yeh K.,29,104,3.586206896551724,Taiwan,Buddhist Tzu-Chi General Hospital Taiwan,100280598,7.5,1,3,10.695652173913043,5.811594202898551,3
55362955100,6,5,Peng C.,23,103,4.478260869565218,Taiwan,Buddhist Tzu-Chi General Hospital Taiwan,100280598,7.5,1,3,10.458333333333334,5.819444444444445,3
55949886700,6,6,Liu K.,26,111,4.269230769230769,Taiwan,Buddhist Tzu-Chi General Hospital Taiwan,100280598,7.5,1,3,10.428571428571429,5.833333333333333,3
55434112400,6,13,Chen I.,49,579,11.816326530612244,Taiwan,Buddhist Tzu-Chi General Hospital Taiwan,100280598,7.5,1,3,9.652173913043478,5.811594202898551,2
55878862500,5,9,Wang J.,76,255,3.3552631578947367,Taiwan,Buddhist Tzu-Chi General Hospital Taiwan,112828023,7.8,1,2,10.032786885245901,5.868852459016393,2
16445232200,6,12,Wu W.,51,387,7.588235294117647,Taiwan,Buddhist Tzu-Chi General Hospital Taiwan,100280598,7.5,1,3,9.792134831460674,5.837078651685394,2
7408203465,6,25,Lee R.,113,1532,13.557522123893806,Taiwan,Tzu Chi University,111088189,7.5,1,2,8.791666666666666,5.819444444444445,2
10241135200,6,9,Yu T.,34,436,12.823529411764707,Taiwan,Buddhist Tzu-Chi General Hospital Taiwan,100280598,7.5,1,3,10.173913043478262,5.811594202898551,2
35243401500,13,24,Nakashima H.,124,1677,13.524193548387096,Japan,Nagoya University Graduate School of Medicine,124486518,7.076923076923077,4,12,32.07964601769911,16.38053097345133,2
54784086900,3,2,Bai C.,3,37,12.333333333333334,China,"Beijing Friendship Hospital, Capital Medical University",104823303,6.0,1,1,7.6,2.6,3
55858318900,3,8,Wang B.,26,193,7.423076923076923,China,"Beijing Friendship Hospital, Capital Medical University",104823303,6.0,1,1,4.0,2.6,3
35210936800,2,7,Li D.,19,143,7.526315789473684,China,"Beijing Friendship Hospital, Capital Medical University",104823303,7.0,1,1,5.0,3.0,3
13403173200,7,38,Salamon N.,181,5864,32.39779005524862,United States,David Geffen School of Medicine at UCLA,110795527,3.142857142857143,1,3,36.48148148148148,8.703703703703704,1
6603944469,13,36,Holly L.,110,3741,34.00909090909091,United States,David Geffen School of Medicine at UCLA,113684557,3.6153846153846154,1,8,29.31578947368421,6.298245614035087,1
8410364800,6,39,Ellingson B.,190,5207,27.405263157894737,United States,David Geffen School of Medicine at UCLA,120201458,3.1666666666666665,1,4,36.84313725490196,8.96078431372549,1
57194387953,2,1,Huang J.,1,12,12.0,China,Shanghai General Hospital,100245661,5.0,1,5,12.4,7.0,3
7201471906,6,21,Hou S.,137,1663,12.138686131386862,China,General Hospital of People's Liberation Army,112379830,5.5,1,6,9.318181818181818,6.954545454545454,2
57194383495,2,1,Zhang Z.,1,12,12.0,China,Shanghai General Hospital,100245661,5.0,1,5,12.4,7.0,3
36979671400,3,6,Koeppen D.,9,212,23.555555555555557,Germany,Bundeswehrkrankenhaus Berlin,118420048,4.333333333333333,0,0,0.0,0.0,2
55863477900,2,10,Scott T.,17,317,18.647058823529413,United States,Hospital for Special Surgery - New York,60022875,9.0,2,3,27.333333333333332,4.0,2
35239130000,5,53,Wang J.,448,10495,23.426339285714285,United States,Keck School of Medicine of USC,60015183,6.4,2,4,14.0,3.2857142857142856,1
55863423900,2,9,Phan K.,19,213,11.210526315789474,United States,Montefiore Medical Center,60024099,9.0,2,3,27.666666666666668,4.0,2
35308195400,5,20,Suzuki A.,94,1135,12.074468085106384,Japan,Osaka City University,113581718,7.8,2,5,22.636363636363637,3.5454545454545454,2
55757331400,6,9,Yu S.,23,210,9.130434782608695,China,Tongji University,105166145,5.833333333333333,1,7,11.366666666666667,7.166666666666667,2
57213601094,3,5,Yan N.,14,63,4.5,China,Tongji University,105166145,5.0,1,3,12.333333333333334,8.533333333333333,3
56156047300,2,2,Chittode V.,2,36,18.0,India,Ganga Hospital,104759558,5.0,0,0,0.0,0.0,3
56443051100,5,28,Nakamura H.,325,3118,9.593846153846155,Japan,Osaka City University,113581718,6.2,1,2,16.2,4.2,2
55262088800,2,7,Yu L.,14,181,12.928571428571429,China,Jiangsu Province Hospital,123588567,5.5,0,0,0.0,0.0,3
54394680800,2,5,Yui M.,9,106,11.777777777777779,Japan,Yodakubo Hospital,119640766,5.5,1,2,8.666666666666666,2.6666666666666665,3
10642081000,3,8,Misawa H.,16,334,20.875,Japan,Yodakubo Hospital,119640766,5.333333333333333,1,3,11.88888888888889,3.0,2
6602441334,3,13,Tsutsumimoto T.,23,631,27.434782608695652,Japan,Yodakubo Hospital,119640766,5.333333333333333,1,3,10.222222222222221,3.0,2
35337548600,2,5,Ohta H.,9,213,23.666666666666668,Japan,Yodakubo Hospital,102425975,5.5,1,1,8.666666666666666,2.6666666666666665,2
35451010100,9,67,Albert T.,421,16469,39.1187648456057,United States,Hospital for Special Surgery - New York,60022875,7.777777777777778,1,12,54.372549019607845,11.0,1
32467499700,2,8,Tomori M.,12,204,17.0,Japan,Tokyo Medical and Dental University,60003303,8.0,1,5,14.0,5.8125,2
55697242300,8,18,Hirai T.,68,1018,14.970588235294118,Japan,Japanese Organization of the Study for Ossification of Spinal Ligament (JOSL),124134898,8.75,1,7,20.444444444444443,6.633333333333334,2
7402893527,4,12,Arai Y.,21,717,34.142857142857146,Japan,Tokyo Medical and Dental University,60003303,8.5,1,7,17.5,6.40625,2
55356959300,3,8,Taniyama T.,14,162,11.571428571428571,Japan,Kudanzaka Hospital,102143864,9.333333333333334,1,7,23.65909090909091,7.590909090909091,3
55589165400,3,2,Sato H.,4,59,14.75,Japan,Saiseikai Kawaguchi General Hospital,102301426,6.666666666666667,1,5,14.75,5.6875,3
37111201600,6,8,Sakai K.,22,371,16.863636363636363,Japan,Japanese Organization of the Study for Ossification of Spinal Ligament (JOSL),117278029,8.5,1,6,19.72340425531915,6.553191489361702,2
21733916100,3,10,Torigoe I.,16,428,26.75,Japan,Saiseikai Kawaguchi General Hospital,102301426,8.666666666666666,1,7,16.2,6.12,2
21733872300,7,21,Yoshii T.,118,1403,11.889830508474576,Japan,Japanese Organization of the Study for Ossification of Spinal Ligament (JOSL),124134898,9.571428571428571,1,13,21.63013698630137,7.219178082191781,2
7004081985,10,28,Okawa A.,232,3259,14.047413793103448,Japan,Tokyo Medical and Dental University,60003303,9.3,1,13,21.091743119266056,6.834862385321101,2
35407803800,8,64,Gökaslan Z.,552,17602,31.88768115942029,United States,Brown University,60011460,10.75,2,19,43.49122807017544,7.9298245614035086,1
8589985800,5,46,Sciubba D.,475,8083,17.01684210526316,United States,Johns Hopkins University,60005248,8.6,2,5,40.4,5.266666666666667,1
24168625300,7,14,Imajo Y.,63,493,7.825396825396825,Japan,Yamaguchi University Graduate School of Medicine,106597976,5.714285714285714,1,6,11.903225806451612,5.451612903225806,2
55334288900,3,5,Funaba M.,27,77,2.8518518518518516,Japan,Yamaguchi University Graduate School of Medicine,106597976,5.666666666666667,1,5,12.714285714285714,6.0,3
55808070688,4,7,Suzuki H.,39,160,4.102564102564102,Japan,Yamaguchi University Graduate School of Medicine,106597976,5.75,1,3,11.588235294117647,5.705882352941177,3
55768960700,5,11,Taguchi T.,83,446,5.373493975903615,Japan,Yamaguchi Rosai Hospital,108263714,5.6,1,5,10.19047619047619,5.095238095238095,2
56036795000,7,15,Kanchiku T.,77,726,9.428571428571429,Japan,Yamaguchi University,60020739,5.428571428571429,1,5,11.806451612903226,5.419354838709677,2
57159484000,7,25,Ghogawala Z.,96,2169,22.59375,United States,Tufts University School of Medicine,60015849,7.285714285714286,1,7,34.73529411764706,9.676470588235293,2
34875132800,2,5,Mashhadinezhad H.,14,58,4.142857142857143,Iran,Mashhad University of Medical Sciences,103122635,3.0,0,0,0.0,0.0,3
35273080700,5,19,Okuda S.,50,1740,34.8,Japan,Osaka Rosai Hospital,60014073,6.0,1,8,34.333333333333336,12.958333333333334,2
25824322100,5,20,Kaito T.,111,1283,11.558558558558559,Japan,Osaka University,60024322,9.0,1,24,28.151515151515152,9.363636363636363,2
7101998211,6,17,Enomoto M.,54,947,17.537037037037038,Japan,Tokyo Medical and Dental University,60003303,9.0,1,7,23.439393939393938,7.484848484848484,2
55219954200,8,17,Kato T.,46,873,18.97826086956522,Japan,Tokyo Medical and Dental University,60003303,12.125,1,27,23.79268292682927,7.512195121951219,2
35429490500,10,54,Shinomiya K.,250,9986,39.944,Japan,Tokyo Medical and Dental University,112748353,6.2,1,7,19.513513513513512,7.0675675675675675,0
35555301900,7,19,Kawabata S.,87,1111,12.770114942528735,Japan,Tokyo Medical and Dental University,116703858,8.428571428571429,1,6,22.88679245283019,7.30188679245283,2
36608386100,5,11,Ishikawa Y.,50,636,12.72,Japan,Konan Kosei Hospital,109648416,10.4,1,14,30.266666666666666,10.5,2
7202964131,5,31,Matsunaga S.,78,3236,41.48717948717949,Japan,Japanese Organization of the Study for Ossification of Spinal Ligament (JOSL),117278029,7.0,1,9,24.071428571428573,8.285714285714286,1
8589146900,5,16,Seki S.,76,1106,14.552631578947368,Japan,University of Toyama,113424784,7.6,1,9,33.77272727272727,8.545454545454545,2
6701846591,13,30,Seichi A.,116,2944,25.379310344827587,Japan,Mitsui Memorial Hospital,100269825,10.076923076923077,1,38,29.522222222222222,8.766666666666667,1
55903607500,4,6,Ouchida J.,20,135,6.75,Japan,Konan Kosei Hospital,109648416,8.5,1,5,17.87878787878788,13.272727272727273,3
55904476400,2,2,Kobayakawa A.,5,49,9.8,Japan,Nagoya University Graduate School of Medicine,124486518,8.0,1,5,15.375,12.75,3
8639392500,22,31,Yukawa Y.,116,2907,25.060344827586206,Japan,Wakayama Medical University,110627429,7.181818181818182,5,17,23.267441860465116,14.168604651162791,1
55902776800,4,5,Inoue T.,16,104,6.5,Japan,Nagoya University Graduate School of Medicine,124486518,8.5,1,6,18.0,13.272727272727273,3
55904258700,4,5,Tomita K.,7,103,14.714285714285714,Japan,Chubu Rosai Hospital,107166408,8.5,1,6,18.0,13.272727272727273,3
55902837900,2,2,Matsumoto T.,3,48,16.0,Japan,Japan Labour Health and Welfare Organization,105302799,8.0,1,4,15.375,12.75,3
57211309494,2,5,Liu F.,14,46,3.2857142857142856,China,Handan Central Hospital,113120702,5.0,1,1,16.0,12.75,3
36009751100,7,28,Ito Z.,153,2584,16.88888888888889,Japan,Aichi Spine Hospital,123757789,9.285714285714286,2,11,25.8125,14.916666666666666,2
37000300500,3,3,Revanappa K.,4,48,12.0,India,"Christian Medical College, Vellore",110107480,2.0,1,1,39.0,19.0,3
56155811700,5,41,Neo M.,226,6340,28.053097345132745,Japan,Osaka Medical College,103349468,8.6,1,18,23.68421052631579,7.578947368421052,1
35432020000,12,29,Taguchi T.,158,2856,18.075949367088608,Japan,Yamaguchi University School of Medicine,103288308,8.416666666666666,1,31,23.183098591549296,7.28169014084507,2
55504198400,2,8,Suzuki H.,15,206,13.733333333333333,Japan,Yamaguchi University,105317377,5.0,1,4,15.2,6.9,2
7404399339,5,9,Yoshida Y.,34,206,6.0588235294117645,Japan,Yamaguchi University Graduate School of Medicine,106597976,5.8,1,5,12.818181818181818,5.909090909090909,2
7410349606,2,5,Wang S.,19,89,4.684210526315789,China,Peking University Third Hospital,123446544,9.0,1,3,13.318181818181818,7.454545454545454,3
36080419400,2,7,Cho W.,11,217,19.727272727272727,South Korea,Inje University Paik Hospital,111097997,4.5,1,1,9.0,2.0,2
12808009300,2,9,Shin J.,17,228,13.411764705882353,South Korea,Inje University Paik Hospital,106512651,4.5,1,1,7.0,2.0,2
7005907261,13,27,Bednařík J.,203,2808,13.832512315270936,Czech Republic,Fakultni Nemocnice Brno,100291007,6.153846153846154,1,5,15.347222222222221,7.0,2
57201231516,12,16,Kadaňka Z.,91,977,10.736263736263735,Czech Republic,Fakultni Nemocnice Brno,60022084,6.333333333333333,1,5,17.33783783783784,7.094594594594595,2
8559629900,8,47,Dušek L.,616,7946,12.89935064935065,Czech Republic,Masaryk University,104496925,6.75,1,3,13.380952380952381,8.166666666666666,1
7004006875,3,5,Kadaňka Z.,7,153,21.857142857142858,Czech Republic,Fakultni Nemocnice Brno,100291007,6.0,1,3,22.23076923076923,8.923076923076923,3
12243564300,2,7,Němec M.,12,204,17.0,Czech Republic,Fakultni Nemocnice Brno,100291007,10.0,1,5,15.571428571428571,7.571428571428571,2
7201921573,12,62,Luk K.,464,13341,28.752155172413794,Hong Kong,The University of Hong Kong,60006541,5.083333333333333,2,6,15.743589743589743,7.564102564102564,0
24504264600,3,12,Cheung W.,20,679,33.95,Hong Kong,The University of Hong Kong,103368805,6.333333333333333,1,3,33.125,9.375,2
36731630800,5,19,Wen C.,47,1262,26.851063829787233,Hong Kong,Hong Kong Polytechnic University,60008928,4.8,1,2,27.5,9.55,2
51663738600,7,12,Mak K.,24,492,20.5,Hong Kong,The University of Hong Kong,103368805,5.428571428571429,1,4,28.22222222222222,8.814814814814815,2
37086969000,8,9,Cui J.,12,199,16.583333333333332,Hong Kong,The University of Hong Kong,60006541,4.75,1,4,29.322580645161292,8.838709677419354,3
55654699700,12,27,Hu Y.,323,2905,8.993808049535604,Hong Kong,The University of Hong Kong,60006541,4.666666666666667,2,6,24.738095238095237,7.571428571428571,2
36773552700,2,8,Shi S.,19,173,9.105263157894736,China,Shanghai Jiao Tong University,113047800,5.5,1,3,16.333333333333332,8.333333333333334,3
57203685091,7,16,Yang L.,64,915,14.296875,China,Changzheng Hospital,113918965,6.428571428571429,1,8,16.653846153846153,7.269230769230769,2
7402686024,6,30,Oka H.,184,3503,19.03804347826087,Japan,University of Tokyo Hospital,115693601,9.166666666666666,2,13,25.871794871794872,9.384615384615385,1
36011893100,4,9,Ohya J.,30,266,8.866666666666667,Japan,University of Tokyo,111415189,7.5,1,8,25.037037037037038,9.851851851851851,2
57203495165,5,15,Kim T.,36,537,14.916666666666666,South Korea,Hallym University Scared Heart Hospital,120793068,6.2,2,6,21.125,6.25,2
7401616833,5,27,Moon S.,158,2636,16.68354430379747,South Korea,Severance Hospital,113247555,6.4,2,6,19.125,6.125,2
56437827200,6,20,Park M.,75,1432,19.093333333333334,South Korea,Hallym University Scared Heart Hospital,107439190,6.5,2,6,18.1,5.4,2
57217110767,3,12,Daniel Riew K.,28,614,21.928571428571427,United States,Columbia University in the City of New York,60030162,4.0,2,4,18.5,4.75,2
38962213900,3,5,Sun T.,17,93,5.470588235294118,China,Tianjin Union Medical Center,118514062,4.333333333333333,1,1,3.0,2.0,3
16162624100,2,5,Murata M.,6,265,44.166666666666664,Japan,Tottori Prefectural Central Hospital,113719635,14.0,1,8,8.578947368421053,4.157894736842105,2
7004907775,7,17,Morio Y.,37,896,24.216216216216218,Japan,Misasaonsen Hospital,102941936,7.0,1,10,13.583333333333334,5.1875,2
35488957100,3,6,Tanida A.,19,144,7.578947368421052,Japan,Tottori University Faculty of Medicine,100301817,10.666666666666666,1,9,9.608695652173912,4.3478260869565215,3
13005819900,4,6,Yamane K.,9,149,16.555555555555557,Japan,Tottori Red Cross Hospital,122205385,9.25,1,8,11.518518518518519,4.888888888888889,3
57206334758,2,1,Morishita T.,2,43,21.5,Japan,Tottori Municipal Hospital,122738668,14.0,1,8,9.0,4.157894736842105,3
57198398999,2,2,Takahashi T.,4,45,11.25,Japan,Tottori Red Cross Hospital,107109836,14.0,1,8,8.894736842105264,4.157894736842105,3
36094012800,3,5,Dokai T.,14,107,7.642857142857143,Japan,Masuda Red Cross Hospital,122738422,10.666666666666666,1,8,9.73913043478261,4.3478260869565215,3
35425451200,8,17,Nagashima H.,62,1177,18.983870967741936,Japan,Tottori University Faculty of Medicine,100301817,6.625,1,10,12.695652173913043,4.869565217391305,2
8668053400,5,11,Nanjo Y.,18,441,24.5,Japan,San-in Rosai Hospital,102380571,8.4,1,9,11.34375,4.71875,2
42961543400,2,3,Ishii H.,5,63,12.6,Japan,Misasaonsen Hospital,102941936,14.0,1,9,8.789473684210526,4.157894736842105,3
55668697500,3,8,Chen G.,19,166,8.736842105263158,China,The First Affiliated Hospital of Soochow University,123505201,4.333333333333333,1,1,39.0,7.0,3
8941549700,7,39,Yang H.,633,7150,11.295418641390205,China,Soochow University,113344775,4.428571428571429,1,3,7.2,4.0,1
55628545524,2,6,Matsumoto T.,10,136,13.6,Japan,Chubu Rosai Hospital,107166408,9.0,1,5,20.705882352941178,14.235294117647058,3
55337229500,3,4,Wang C.,6,94,15.666666666666666,China,Changzheng Hospital,113715444,8.666666666666666,2,5,13.526315789473685,5.684210526315789,3
57198676758,2,2,Gupta A.,7,19,2.7142857142857144,India,"Christian Medical College, Vellore",110107480,1.0,1,1,39.0,19.0,3
57198560086,2,1,Guo Z.,1,11,11.0,China,General Hospital of People's Liberation Army,112379830,6.0,1,3,14.5,8.25,3
55319492000,2,3,Yadav S.,5,43,8.6,China,Tianjin Institute of Spine,116392006,4.0,1,1,5.0,3.0,3
56046243800,4,6,Li X.,10,96,9.6,Hong Kong,The University of Hong Kong Li Ka Shing Faculty of Medicine,113624639,4.75,1,2,28.615384615384617,10.307692307692308,3
55228372500,7,8,Kondo S.,11,209,19.0,Japan,Yokohama Minami Kyosai Hospital,107633894,4.285714285714286,1,3,8.434782608695652,4.826086956521739,2
7103032282,7,10,Mihara H.,14,290,20.714285714285715,Japan,Yokohama Minami Kyosai Hospital,107633894,4.285714285714286,1,3,7.464285714285714,4.892857142857143,2
18934971900,5,5,Hachiya M.,8,105,13.125,Japan,Yokohama Minami Kyosai Hospital,107633894,4.4,1,3,8.588235294117647,5.647058823529412,3
55737611500,2,7,Jiang T.,18,156,8.666666666666666,China,Chongqing Medical University,113854850,5.5,0,0,0.0,0.0,3
55538348100,5,11,Xue Y.,60,367,6.116666666666666,China,Tianjin Medical University,123416302,6.6,1,3,6.333333333333333,3.1333333333333333,2
55982515700,3,6,Ding H.,8,73,9.125,China,Tianjin Medical University,103625906,7.333333333333333,1,3,6.909090909090909,3.3636363636363638,3
55982310100,3,6,Tang Y.,8,73,9.125,China,Tianjin Medical University,103625906,7.333333333333333,1,3,6.909090909090909,3.3636363636363638,3
56147621600,3,7,Zhao Y.,12,86,7.166666666666667,China,Tianjin Medical University,103625906,7.333333333333333,1,3,6.7727272727272725,3.3636363636363638,3
55983155100,3,7,Zong Y.,13,87,6.6923076923076925,China,Tianjin Medical University,103625906,7.333333333333333,1,3,6.7727272727272725,3.3636363636363638,3
55981843600,3,6,He D.,8,73,9.125,China,Tianjin Medical University,103625906,7.333333333333333,1,3,6.909090909090909,3.3636363636363638,3
55983682000,3,6,Li Z.,8,73,9.125,China,Tianjin Medical University,103625906,7.333333333333333,1,3,6.909090909090909,3.3636363636363638,3
56054900100,3,4,Wang Y.,5,39,7.8,China,Tianjin Medical University,113031442,7.333333333333333,1,2,7.181818181818182,3.3636363636363638,3
57216307963,4,9,Ono T.,16,298,18.625,Japan,JCHO Tokyo Shinjuku Medical Center,115352167,8.25,1,13,30.76,10.4,2
55979890600,2,3,Nakamoto H.,13,36,2.769230769230769,Japan,University of Tokyo,105707743,5.0,1,6,27.375,10.625,3
55436750100,9,18,Ono A.,43,767,17.837209302325583,Japan,Hirosaki Memorial Hospital,102924199,10.0,1,24,19.52542372881356,7.423728813559322,2
35431695100,10,17,Yokoyama T.,44,857,19.477272727272727,Japan,Odate Municipal General Hospital,112579404,7.7,1,8,15.98,6.76,2
15833607500,7,14,Wada K.,59,622,10.542372881355933,Japan,Hirosaki University,104680717,8.571428571428571,1,8,17.216216216216218,7.5675675675675675,2
57208491581,2,1,Cantrell D.,5,3,0.6,United States,Northwestern University Feinberg School of Medicine,112464569,5.0,1,3,9.25,3.75,3
56814376300,2,4,Barry A.,14,57,4.071428571428571,United States,Rehabilitation Institute of Chicago,60001590,5.0,1,3,8.5,3.75,3
56428045100,2,2,Li J.,8,11,1.375,China,First Affiliated Hospital of Zhengzhou University,108065061,4.0,1,2,1.5,2.0,3
56375977000,2,4,Li P.,8,30,3.75,China,First Affiliated Hospital of Zhengzhou University,108065061,4.0,1,2,1.0,2.0,3
57208399619,2,0,Zhang H.,2,0,0.0,China,First Affiliated Hospital of Zhengzhou University,108065061,4.0,1,2,2.0,2.0,3
57195624964,2,1,Cheng H.,2,2,1.0,China,Lanzhou University,104432824,4.0,1,1,1.75,2.0,3
57195626049,2,1,Meng F.,2,2,1.0,China,First Affiliated Hospital of Zhengzhou University,108065061,4.0,1,2,1.75,2.0,3
55184067500,6,76,Kawaguchi H.,376,22595,60.09308510638298,Japan,JCHO Tokyo Shinjuku Medical Center,115744518,7.833333333333333,1,11,26.09090909090909,10.363636363636363,1
7601545734,9,35,Yoshida M.,191,4568,23.916230366492147,Japan,Wakayama Medical University,110627429,6.111111111111111,1,8,23.823529411764707,5.9411764705882355,1
57129550700,6,23,Yamada H.,102,1854,18.176470588235293,Japan,Wakayama Medical University,110627429,6.333333333333333,1,8,29.416666666666668,7.0,2
55991464200,2,3,Shibuya R.,5,47,9.4,Japan,Izumiotsu Municipal Hospital,122494598,4.5,1,4,43.857142857142854,12.142857142857142,3
7102975521,5,17,Wada E.,35,1016,29.02857142857143,Japan,Osaka Police Hospital,118784224,6.8,1,14,39.36842105263158,12.526315789473685,2
56000008900,13,49,Yonenobu K.,207,8161,39.42512077294686,Japan,Jikei Institute,114822629,6.769230769230769,1,26,35.21111111111111,10.988888888888889,0
57214457837,2,1,Patel S.,1,7,7.0,United States,Oasis Medical and Surgical Wellness Group,121161211,5.0,1,2,5.2,6.0,3
57205394026,2,0,Wu T.,1,0,0.0,Taiwan,Buddhist Tzu-Chi General Hospital Taiwan,100280598,8.0,1,3,10.25,5.916666666666667,3
55439283900,5,20,Miyazaki M.,69,1202,17.420289855072465,Japan,Oita University,104576584,5.0,2,3,7.75,3.1666666666666665,2
34568563700,6,35,Cook C.,278,5085,18.29136690647482,United States,Duke University,103482721,4.166666666666667,1,2,16.875,4.125,1
35189580700,3,6,Roman M.,7,98,14.0,United States,Duke University,103483064,5.0,1,1,35.0,6.0,3
55827227800,2,5,Hoelscher C.,13,151,11.615384615384615,United States,Icahn School of Medicine at Mount Sinai,60012981,5.5,2,3,5.666666666666667,2.0,3
53986146800,2,5,Andres T.,7,55,7.857142857142857,United States,Vanderbilt University Medical Center,113220322,5.5,2,3,5.666666666666667,2.0,3
44061897600,2,6,Ricart P.,10,136,13.6,United States,Westchester Medical Center,104369456,5.5,2,3,5.333333333333333,2.0,3
8089024000,2,6,Warren D.,8,91,11.375,Canada,Vancouver Island Health Authority,114266976,5.5,1,3,5.333333333333333,2.0,3
7103027908,7,30,Casey A.,129,3619,28.05426356589147,United Kingdom,UCL,113372210,4.142857142857143,2,2,28.8,7.0,1
7006364026,5,21,Furusawa N.,36,1335,37.083333333333336,Japan,University of Fukui,103586319,6.6,1,6,23.928571428571427,7.857142857142857,2
7404384671,15,36,Uchida K.,173,3917,22.641618497109828,Japan,University of Fukui,107634280,8.2,1,25,21.453333333333333,6.16,1
56211706600,4,19,Maezawa Y.,26,912,35.07692307692308,Japan,University of Fukui,107634280,4.75,1,3,26.75,9.625,2
7202056741,5,25,Fujimura Y.,62,1938,31.258064516129032,Japan,National Sagamihara Hospital,105664833,3.0,1,6,43.95454545454545,10.5,2
35429991100,13,45,Matsumoto M.,499,8032,16.096192384769537,Japan,Keio University School of Medicine,104279550,6.384615384615385,1,8,43.92857142857143,10.488095238095237,0
7102629229,17,73,Toyama Y.,660,24892,37.71515151515152,Japan,Keio University,110556575,8.411764705882353,1,33,35.70434782608696,9.530434782608696,0
57198736244,2,5,Zhou M.,7,62,8.857142857142858,Japan,Showa University School of Medicine,108195078,3.0,1,1,4.0,2.0,3
56097212100,2,4,Zhang C.,5,72,14.4,Japan,Showa University,113370840,3.0,1,1,5.0,2.0,3
37042822900,3,12,Inoue H.,15,408,27.2,Japan,Japanese Red Cross Nagoya First Hospital,106985053,4.0,1,5,14.823529411764707,3.2941176470588234,2
35553426500,5,23,Ohmori K.,66,1394,21.12121212121212,Japan,Japanese Red Cross Society Nagoya Daini Hospital,109411333,4.4,1,6,20.647058823529413,4.176470588235294,2
7102881305,2,6,Takatsu T.,6,239,39.833333333333336,Japan,Nagoya Daini Red Cross Hospital,103923010,4.5,1,4,15.555555555555555,3.4444444444444446,2
57207339924,3,15,Suzuki K.,22,595,27.045454545454547,Japan,Anjo Kosei Hospital,107937318,4.0,1,4,14.23076923076923,3.3076923076923075,2
55424290500,3,14,Ishida Y.,17,498,29.294117647058822,Japan,Handa Municipal Hospital,112592194,4.0,1,5,14.875,3.375,2
7402087485,6,42,Cooper P.,120,5542,46.18333333333333,United States,NYU Langone Health,105332612,5.833333333333333,4,10,43.142857142857146,8.142857142857142,1
7006071597,2,4,Metzner J.,4,216,54.0,Germany,Christian-Albrechts-Universität zu Kiel,108116935,7.0,1,1,18.0,2.0,2
7005559138,2,18,Weinert D.,20,1314,65.7,Germany,Christian-Albrechts-Universität zu Kiel,103651868,7.0,1,1,4.0,2.0,2
6701682673,6,17,Voháňka S.,97,986,10.164948453608247,Czech Republic,Fakultni Nemocnice Brno,100291007,6.0,1,5,15.115384615384615,8.23076923076923,2
18937485200,4,4,Šurelová D.,4,362,90.5,Czech Republic,Fakultni Nemocnice Brno,100291007,8.5,1,5,15.172413793103448,7.586206896551724,2
6602875578,2,2,Filipovičová D.,4,133,33.25,Czech Republic,Neurologická Klinika,118366731,9.0,1,3,12.357142857142858,7.0,3
18936408700,6,8,Novotný O.,10,530,53.0,Czech Republic,Fakultni Nemocnice Brno,100291007,7.5,1,5,16.42105263157895,7.552631578947368,2
7201396313,5,20,Jia L.,206,1447,7.024271844660194,China,Changzheng Hospital,107107990,5.6,1,4,18.272727272727273,9.363636363636363,2
6603157564,2,7,Kamoto Y.,8,217,27.125,Japan,Kyoto University,103592908,8.0,1,3,25.833333333333332,9.333333333333334,2
36349895500,7,14,Ishida K.,75,791,10.546666666666667,Japan,Kochi Medical School,106927539,4.142857142857143,1,7,20.423076923076923,10.307692307692308,2
6603707158,2,12,Fuchigami Y.,20,748,37.4,Japan,Yamaguchi University School of Medicine,103288308,5.0,1,4,16.714285714285715,7.0,2
21737647900,2,6,Morita H.,7,334,47.714285714285715,Japan,Yamaguchi University School of Medicine,103288308,5.0,1,5,13.571428571428571,5.285714285714286,2
56922373300,6,16,Kaneko K.,36,856,23.77777777777778,Japan,Yamaguchi University Graduate School of Medicine,106597976,4.833333333333333,1,6,12.826086956521738,5.217391304347826,2
7202609388,5,31,Tamaki T.,94,3137,33.37234042553192,Japan,Aitoku Medical and Welfare Center,120532994,4.6,1,4,25.347826086956523,7.217391304347826,1
7402881854,6,13,Ando M.,27,869,32.18518518518518,Japan,Kansai Medical University,100295381,5.166666666666667,1,5,27.74074074074074,6.777777777777778,2
7402546177,9,33,Kawakami M.,91,2964,32.57142857142857,Japan,Wakayama Medical University,113985938,7.777777777777778,1,17,29.25862068965517,8.086206896551724,1
36903880900,2,10,Hayashi N.,10,850,85.0,Japan,Wakayama Medical University,104218541,4.5,1,4,28.0,7.3,2
7005507348,7,57,Bohlman H.,147,10811,73.54421768707483,United States,University Hospitals Case Medical Center,113690940,3.7142857142857144,1,4,53.23076923076923,9.23076923076923,1
7102573506,4,13,Hirabayashi S.,38,842,22.157894736842106,Japan,Teikyo University Hospital,113520308,3.5,1,2,6.833333333333333,2.5,2
57197646472,2,4,Watabe N.,4,97,24.25,Japan,National Obihiro Hospital,102154181,6.0,1,3,49.333333333333336,6.0,3
7005316312,2,12,Nawata K.,17,545,32.05882352941177,Japan,San-in Rosai Hospital,115380782,4.0,1,4,18.555555555555557,7.0,2
7006545066,7,27,Teshima R.,102,3108,30.470588235294116,Japan,Tottori University Faculty of Medicine,104229343,5.571428571428571,1,9,12.0,5.382352941176471,2
7006134457,9,58,Kurosaka M.,753,15266,20.273572377158036,Japan,Kobe Kaisei Hospital,103404753,5.555555555555555,1,9,19.975,4.9,1
7403524990,6,37,Patel A.,220,4438,20.172727272727272,United States,Northwestern University Feinberg School of Medicine,60013227,5.833333333333333,2,12,43.588235294117645,8.352941176470589,1
7403005357,6,50,Kikuchi S.,290,7807,26.920689655172414,Japan,Fukushima Medical University,103200860,7.5,1,11,39.15,12.25,1
55726306900,2,3,Xu G.,7,43,6.142857142857143,China,Central Hospital of Zhabei District,119802231,6.0,1,2,13.0,4.5,3
7410051269,4,6,Wang Z.,13,123,9.461538461538462,China,Shanghai Jiao Tong University School of Medicine,119694482,6.5,1,3,13.4,4.0,3
7003666174,5,19,Bolger C.,64,1083,16.921875,Ireland,"Beaumont Hospital, Dublin",60000718,2.8,1,2,10.666666666666666,5.0,2
52364371800,5,9,Malone A.,23,209,9.08695652173913,Ireland,Royal College of Surgeons in Ireland (RCSI),60000050,2.8,1,3,15.0,5.0,2
7102159352,5,14,Meldrum D.,39,572,14.666666666666666,Ireland,Trinity College Dublin,60011149,2.8,1,2,12.333333333333334,5.0,2
26531070300,3,12,Fujiyoshi T.,24,582,24.25,Japan,Kimitsu Chuo Hospital,60091852,8.666666666666666,1,7,24.444444444444443,5.5,2
26967822900,2,8,Kawabe J.,13,349,26.846153846153847,Japan,Chiba University School of Medicine,100265440,11.0,1,6,26.0,5.615384615384615,2
55732756400,2,8,Hayashi K.,13,268,20.615384615384617,Japan,Chiba University School of Medicine,100265440,11.0,1,6,26.0,5.615384615384615,2
7404905962,5,16,Kato Y.,44,598,13.590909090909092,Japan,Yamaguchi University Graduate School of Medicine,106597976,4.6,1,5,15.055555555555555,6.5,2
7006491939,3,13,Yanase M.,17,607,35.705882352941174,Japan,Nagoya University School of Medicine,104040556,8.333333333333334,2,7,25.071428571428573,13.571428571428571,2
56243899200,2,6,Naruse T.,7,247,35.285714285714285,India,Nagoya Kyoritsu Hospital,108617113,10.5,1,7,24.9,10.1,2
7003624044,13,32,Hosono N.,82,3092,37.707317073170735,Japan,Japan Community Health Care Organization Hoshigaoka Medical Center,117121690,4.769230769230769,1,14,32.375,12.75,1
25226466100,5,12,Makino T.,60,503,8.383333333333333,Japan,Osaka University Faculty of Medicine,113285046,5.0,1,6,31.875,11.8125,2
10540107500,12,19,Mukai Y.,42,1703,40.54761904761905,Japan,Nishinokyo Hospital,112079912,4.75,1,9,35.96363636363636,13.418181818181818,2
57164435800,2,4,Chang V.,4,56,14.0,United States,David Geffen School of Medicine at UCLA,60005247,3.5,1,3,36.833333333333336,10.833333333333334,3
24764695500,2,10,Cardoso M.,14,405,28.928571428571427,United States,Walter Reed National Military Medical Center,103347524,1.5,0,0,0.0,0.0,2
7003440310,2,5,Lemma M.,12,120,10.0,United States,Johns Hopkins Bayview Medical Center,113917135,3.0,0,0,0.0,0.0,3
7004176813,4,6,Yonemura H.,12,174,14.5,Japan,Ogori Daiichi General Hospital,102138778,5.0,1,6,14.9,5.95,3
7101952522,9,40,Epstein N.,268,4603,17.175373134328357,United States,Stony Brook University,105400202,0.7777777777777778,1,1,40.0,9.0,1
11840262000,2,6,Zeitoun D.,11,332,30.181818181818183,France,Hôpital Universitaire Pitié Salpêtrière,113659372,4.5,0,0,0.0,0.0,2
23135021400,2,3,Higashi T.,5,36,7.2,Japan,Jichi Medical University,108094550,6.0,1,3,17.8,6.8,3
35405274900,6,23,Hoshino Y.,125,1955,15.64,Japan,Jichi Medical University,118414033,8.333333333333334,1,19,24.02777777777778,8.277777777777779,2
6603984657,5,44,Brodke D.,188,5283,28.101063829787233,United States,The University of Utah,60025488,13.4,2,19,48.96078431372549,9.882352941176471,1
23135625700,6,7,Urbánek I.,8,551,68.875,Czech Republic,Fakultni Nemocnice Brno,60022084,7.666666666666667,1,5,18.13888888888889,7.861111111111111,2
35214458300,2,2,Endo T.,4,58,14.5,Japan,Wakayama Medical University,110627429,6.5,1,4,25.833333333333332,7.333333333333333,3
35795772200,2,5,Nomura T.,18,67,3.7222222222222223,Japan,Kansai University of Welfare Science,124543214,4.5,1,3,17.142857142857142,9.0,3
7004402650,2,4,Enoki H.,11,29,2.6363636363636362,Japan,Tokushima Bunri University,109694101,4.5,1,3,17.428571428571427,9.0,3
55553071100,3,11,Oglesby M.,12,503,41.916666666666664,United States,Rush University Medical Center,110489040,4.0,1,2,27.0,4.8,2
54786011200,3,12,Pelton M.,18,577,32.05555555555556,United States,Rush University Medical Center,110489040,4.333333333333333,1,3,28.4,5.0,2
55894843800,6,16,Chen Y.,65,874,13.446153846153846,China,Changzheng Hospital,113715444,7.5,2,8,12.575757575757576,5.0606060606060606,2
55212905200,2,9,Miao J.,20,197,9.85,China,Changzheng Hospital,107107990,5.5,1,5,12.0,4.0,3
55800562700,2,8,Yu F.,12,119,9.916666666666666,China,No. 98 Hospital of PLA,113297849,5.5,1,5,12.461538461538462,4.153846153846154,3
56980684400,2,7,Liu X.,14,178,12.714285714285714,China,Nanjing University,104681140,5.0,1,4,16.285714285714285,6.285714285714286,3
22233899400,6,18,Chen D.,113,1153,10.20353982300885,China,Changzheng Hospital,107107990,5.666666666666667,1,5,15.61111111111111,6.555555555555555,2
15056235400,2,5,Li X.,12,172,14.333333333333334,China,Xijing Hospital,104763792,5.0,0,0,0.0,0.0,3
35212059900,6,10,Wang L.,43,386,8.976744186046512,China,Hebei Medical University,103539206,4.666666666666667,1,4,16.333333333333332,9.666666666666666,2
57195469766,2,5,Xinwei W.,6,102,17.0,China,Second Military Medical University,112136803,6.0,0,0,0.0,0.0,3
7401964621,9,42,Kawaguchi Y.,153,5558,36.326797385620914,Japan,Japanese Organization of the Study for Ossification of Spinal Ligament (JOSL),124134898,5.333333333333333,1,10,40.01923076923077,10.23076923076923,1
7410211116,3,8,Kim Y.,23,275,11.956521739130435,South Korea,Kyung Hee Medical Center,100266380,7.0,1,3,15.555555555555555,4.555555555555555,2
7601600991,3,9,Kim S.,26,328,12.615384615384615,South Korea,Hallym University Scared Heart Hospital,120793068,6.0,2,5,18.583333333333332,5.583333333333333,2
57208658842,5,33,Murakami H.,215,4125,19.186046511627907,Japan,Nagoya City University Medical School,100248710,3.6,1,2,32.75,6.0,1
54894354500,2,9,Takeura N.,16,411,25.6875,Japan,University of Fukui,107634280,7.5,1,4,22.555555555555557,8.11111111111111,2
7006341653,5,19,Kokubo Y.,64,1034,16.15625,Japan,University of Fukui,107634280,8.4,1,7,24.647058823529413,8.029411764705882,2
56228866400,8,24,Yayama T.,103,1819,17.660194174757283,Japan,Shiga University of Medical Science,103415218,8.0,1,6,23.95,7.675,2
35418861200,9,26,Nakajima H.,115,2248,19.547826086956523,Japan,University of Fukui,60010848,7.888888888888889,1,6,23.5,7.523809523809524,2
55601043400,2,5,Suh B.,10,64,6.4,South Korea,Hallym University Scared Heart Hospital,107439190,7.0,2,5,20.88888888888889,6.111111111111111,3
7005681918,8,35,Toh S.,157,3881,24.719745222929937,Japan,Hirosaki University School of Medicine,103996213,8.25,1,7,13.042553191489361,7.042553191489362,1
6603417855,8,15,Numasawa T.,31,731,23.580645161290324,Japan,Hachinohe City Hospital,114022456,8.25,1,7,16.4468085106383,7.042553191489362,2
23990684300,3,8,Kudo H.,28,193,6.892857142857143,Japan,Hirosaki University,104680717,9.333333333333334,1,6,18.470588235294116,8.0,3
56507249100,3,3,Kanezaki S.,25,30,1.2,Japan,Oita University,124136028,5.0,1,2,8.2,3.533333333333333,3
55628575047,3,4,Ishihara T.,28,54,1.9285714285714286,Japan,Oita University,104576584,5.0,1,2,8.0,3.5454545454545454,3
57189350273,3,4,Notani N.,28,53,1.8928571428571428,Japan,Oita University,124136028,5.0,1,2,7.866666666666666,3.533333333333333,3
7103167123,3,7,Sumida T.,14,185,13.214285714285714,Japan,Hiroshima City Asa Hospital,102397502,6.666666666666667,1,5,22.214285714285715,5.0,3
7103400620,3,14,Miyauchi A.,24,1073,44.708333333333336,Japan,Hiroshima City Asa Hospital,102397502,6.0,1,7,34.23529411764706,12.058823529411764,2
7201374971,8,66,Ochi M.,630,16665,26.452380952380953,Japan,Graduate School of Biomedical and Health Sciences,124559565,6.875,1,6,15.36734693877551,4.857142857142857,1
8859654600,2,7,Manabe H.,15,153,10.2,Japan,Hiroshima City Asa Hospital,102397502,7.5,1,5,22.666666666666668,5.0,3
7401719314,3,9,Chung D.,16,315,19.6875,South Korea,The Catholic University of Korea,110376175,5.0,1,3,5.8,3.0,2
14039424600,3,6,Park Y.,11,213,19.363636363636363,South Korea,The Catholic University of Korea,110376175,5.0,1,3,6.4,3.0,2
24777814400,3,4,Bong H.,4,47,11.75,South Korea,The Catholic University of Korea,110376175,5.0,1,3,6.8,3.0,3
24778388200,3,1,Lee Y.,1,14,14.0,South Korea,The Catholic University of Korea,103207825,5.0,1,2,7.4,3.0,3
57203325104,3,6,Kim J.,19,125,6.578947368421052,South Korea,The Catholic University of Korea,110376175,5.0,1,3,6.4,3.0,3
56411292600,3,12,Han Y.,29,353,12.172413793103448,South Korea,Naeun Hospital,118266345,5.0,1,2,5.2,3.0,2
7005200205,5,39,Haid R.,121,5291,43.72727272727273,United States,Atlanta Brain and Spine Care,100367861,4.6,2,4,32.714285714285715,5.571428571428571,1
6701756641,6,29,Rodts G.,74,2889,39.04054054054054,United States,Emory Healthcare,60012837,3.5,2,3,37.166666666666664,5.166666666666667,2
6603734505,2,3,Kakuyama M.,3,47,15.666666666666666,Japan,University of Fukui,106404176,10.5,1,6,25.785714285714285,8.214285714285714,3
36981135000,7,36,Kobayashi S.,135,3111,23.044444444444444,Japan,University of Fukui,103586389,7.428571428571429,1,6,23.0,8.129032258064516,1
55025816600,3,12,Sato R.,27,600,22.22222222222222,Japan,University of Fukui,107634280,6.666666666666667,1,4,28.857142857142858,9.071428571428571,2
16200285700,2,6,Margetić P.,11,112,10.181818181818182,Croatia,Klinički Bolnički Centar Sestre Milosrdnice,123236395,4.0,1,1,6.0,2.0,3
23988719000,2,6,Elabjer E.,20,100,5.0,Croatia,University of Zagreb School of Medicine,113200471,4.0,1,1,6.0,2.0,3
56276486600,2,5,Silverstein M.,11,89,8.090909090909092,United States,Cleveland Clinic Foundation,112466794,7.0,1,4,35.28125,10.34375,3
14325039900,2,2,Kechagias E.,4,11,2.75,Greece,G. Gennimatas General Hospital,104586705,5.0,0,0,0.0,0.0,3
7405708537,8,53,Kimura T.,229,8747,38.19650655021834,Japan,University of Toyama,113424784,4.75,1,5,39.11363636363637,10.636363636363637,1
55512829500,5,38,Ishii K.,184,5528,30.043478260869566,Japan,International University of Health and Welfare,60024740,8.0,1,6,46.36666666666667,11.533333333333333,1
7201563603,15,53,Chiba K.,239,8424,35.24686192468619,Japan,National Defense Medical College Tokorozawa,104014331,7.933333333333334,1,18,40.205882352941174,9.990196078431373,0
7405346352,11,55,Nakamura M.,478,12300,25.732217573221757,Japan,Keio University School of Medicine,60025252,6.2727272727272725,1,7,39.06666666666667,9.633333333333333,0
7003783717,5,25,Takaishi H.,50,2283,45.66,Japan,Keio University School of Medicine,104279550,7.0,1,7,43.114285714285714,10.742857142857142,2
55729615700,5,22,Tsuji T.,123,1468,11.934959349593496,Japan,Kitasato University Kitasato Institute Hospital,104230359,7.8,1,7,46.48,10.92,2
55469806600,2,5,Dong Y.,5,302,60.4,United States,David Geffen School of Medicine at UCLA,105384991,5.0,1,3,16.625,6.125,2
13408243800,2,6,Marehbian J.,8,248,31.0,United States,Keck School of Medicine of USC,100270196,5.0,1,2,15.11111111111111,5.666666666666667,2
16444170400,2,4,Albistegui-DuBois R.,4,176,44.0,United States,David Geffen School of Medicine at UCLA,105384991,5.0,1,3,15.555555555555555,5.666666666666667,3
18537355000,3,13,Onari K.,17,458,26.941176470588236,Japan,Yokohama Minami Kyosai Hospital,120276690,4.333333333333333,1,3,7.4,4.9,2
7202222823,5,18,Homma T.,36,926,25.72222222222222,Japan,Niigata Spine Surgery Center,101812454,5.0,1,3,16.285714285714285,6.428571428571429,2
7402825328,2,8,Kawasaki M.,17,177,10.411764705882353,Japan,Kochi University,103707331,3.0,1,4,21.166666666666668,10.5,3
57205841106,2,5,Fujimoto H.,5,103,20.6,Japan,Yamaguchi University,105317377,5.0,1,4,12.0,5.375,3
36243868300,2,7,Miyata M.,7,319,45.57142857142857,Japan,Kyoto University,105267820,4.5,1,1,41.0,5.0,2
8507588600,7,10,Takeuchi K.,29,405,13.96551724137931,Japan,Odate Municipal General Hospital,112579404,7.142857142857143,1,8,16.48,7.0,2
9335361000,3,7,Aburakawa S.,11,229,20.818181818181817,Japan,Aomori Rosai Hospital,109852046,9.0,1,7,16.31578947368421,7.2631578947368425,2
57202411171,5,30,Nishida K.,170,2946,17.32941176470588,Japan,Kobe University School of Medicine,109939863,6.6,1,8,24.434782608695652,5.608695652173913,1
7004236019,8,32,Doita M.,159,3441,21.641509433962263,Japan,Iwate Medical University,112250407,5.75,1,10,24.32758620689655,4.896551724137931,1
7007070617,2,4,Miura J.,4,79,19.75,Japan,Kobe University School of Medicine,109939863,6.0,1,4,31.666666666666668,6.222222222222222,3
7201750306,2,3,Miyata K.,3,63,21.0,Japan,Kobe University School of Medicine,109939863,6.0,1,4,31.88888888888889,6.222222222222222,3
12788161700,3,6,Toda N.,11,217,19.727272727272727,Japan,Gunma Spine Center (Harunaso Hospital),112965011,6.666666666666667,1,3,6.111111111111111,2.2222222222222223,2
35513253800,2,8,Shimizu T.,18,222,12.333333333333334,Japan,Harunaso Hospital,102820191,6.5,1,3,5.4,2.6,2
57197395709,2,5,Marx T.,6,127,21.166666666666668,Germany,Martin-Universität Halle-Wittenberg,103727033,5.5,1,3,51.666666666666664,6.0,3
7102047679,7,67,Sonntag V.,524,19954,38.08015267175573,United States,Barrow Neurological Institute,103112737,5.428571428571429,3,9,39.63636363636363,7.545454545454546,1
7004430462,5,46,Traynelis V.,318,7006,22.031446540880502,United States,Rush University Medical Center,108617866,7.0,4,16,52.0,10.705882352941176,1
17737043400,2,3,Yamada K.,3,58,19.333333333333332,Japan,Yokohama Minami Kyosai Hospital,102095485,4.5,1,3,8.6,5.3,3
14072021600,5,9,Tan C.,14,519,37.07142857142857,Singapore,Singapore General Hospital,103923042,5.6,1,3,16.142857142857142,6.642857142857143,2
7404905743,2,7,Kato Y.,7,418,59.714285714285715,Japan,Toyonaka Municipal Hospital,106532139,4.5,1,4,40.5,13.0,2
55898328000,5,19,Lo Y.,138,1442,10.44927536231884,Singapore,Duke-NUS Medical School Singapore,60095034,4.8,1,4,12.9,6.45,2
8688644700,6,9,Chen J.,23,309,13.434782608695652,Singapore,Singapore General Hospital,113195985,7.666666666666667,2,6,12.631578947368421,5.2105263157894735,2
8945760500,2,8,Ghahreman A.,12,438,36.5,Australia,St George Private Hospital,122598653,2.5,0,0,0.0,0.0,2
6508311845,2,9,Shoda N.,11,212,19.272727272727273,Japan,University of Tokyo,111415189,5.5,1,6,30.77777777777778,11.222222222222221,2
55597757900,2,6,Hayakawa K.,12,218,18.166666666666668,Japan,University of Tokyo,111415189,7.0,2,9,27.818181818181817,10.0,2
8592029300,3,7,Motosuneya T.,15,212,14.133333333333333,Japan,"Saitama Medical Center, Saitama Medical University",100247085,5.333333333333333,1,3,12.6,3.6,2
14023099600,3,6,Kojima T.,8,106,13.25,Japan,Yamaguchi University,105317377,5.333333333333333,1,3,16.666666666666668,6.583333333333333,3
14022970000,2,5,Imajyo Y.,5,64,12.8,Japan,Yamaguchi University,105317377,4.5,1,3,16.75,6.5,3
55079979900,5,21,Nakagawa H.,116,1266,10.913793103448276,Japan,Kushiro Kojinkai Memorial Hospital,112903635,1.6,1,1,18.0,7.0,2
7006425415,7,18,Mizuno J.,79,993,12.569620253164556,Japan,Shin-Yurigaoka General Hospital,121480476,2.857142857142857,1,2,20.571428571428573,5.285714285714286,2
7004446369,3,9,Nishimoto H.,18,363,20.166666666666668,Japan,Gifu University,100278308,6.0,1,1,17.0,5.0,2
7102508318,7,46,Phillips F.,179,6421,35.87150837988827,United States,Rush University Medical Center,60018691,5.857142857142857,1,8,28.36842105263158,4.2105263157894735,1
6603310965,10,33,Massicotte E.,108,3702,34.27777777777778,Canada,University of Toronto,103870043,9.0,3,22,53.3375,12.8,1
7202878103,6,23,Hirabayashi K.,58,3593,61.94827586206897,Japan,Keio University School of Medicine,104279550,5.5,1,6,40.55555555555556,10.37037037037037,2
6701842195,4,14,Maruiwa H.,17,950,55.88235294117647,Japan,Keio University,100294098,5.5,1,7,47.04545454545455,12.045454545454545,2
16940283000,6,23,Shikata J.,75,1790,23.866666666666667,Japan,Gakkentoshi Hospital,110886218,2.5,1,3,9.785714285714286,2.7142857142857144,2
57202654477,3,13,Tanaka C.,24,487,20.291666666666668,Japan,Kyoto Shiritsu Byoin,114596672,2.0,1,2,16.714285714285715,4.285714285714286,2
16143920700,3,12,Ikenaga M.,20,614,30.7,Japan,Sohma Hospital,112939560,2.0,1,3,17.333333333333332,4.333333333333333,2
7404050844,4,11,Ogawa Y.,16,1288,80.5,Japan,Keio University,100294098,7.0,1,6,44.07142857142857,10.75,2
36876254800,2,6,Karpova A.,7,226,32.285714285714285,Canada,University of Toronto,103868291,8.5,3,5,53.875,16.0,2
57196511801,2,2,Mercier D.,2,67,33.5,Canada,Toronto Western Hospital University of Toronto,103171150,5.5,2,4,44.55555555555556,13.333333333333334,3
16155170600,2,7,Arvin B.,14,291,20.785714285714285,United Kingdom,Queens Hospital,112982872,5.5,1,4,43.44444444444444,13.333333333333334,2
57191729806,2,5,Lee M.,10,269,26.9,United States,Milwaukee Pediatric Neurology,100505519,5.5,1,2,52.666666666666664,14.666666666666666,2
7404244088,7,25,King J.,43,2484,57.76744186046512,United States,VA Connecticut Healthcare System,60105857,5.142857142857143,1,6,40.3,6.88,2
7404029525,5,50,Roberts M.,227,8756,38.5726872246696,United States,University of Pittsburgh,113917035,3.4,1,4,30.833333333333332,7.133333333333334,1
18539089100,2,4,Toguchi A.,4,90,22.5,Japan,Yokohama Minami Kyosai Hospital,102095485,5.0,1,3,9.6,4.7,3
55183838700,6,13,Liu Y.,28,445,15.892857142857142,China,Changzheng Hospital,113715444,8.666666666666666,2,9,14.571428571428571,6.0285714285714285,2
55547110395,3,6,Wang X.,9,307,34.111111111111114,China,Second Military Medical University,104278514,7.333333333333333,1,4,20.615384615384617,8.23076923076923,2
54586264600,2,9,Yoshida A.,17,451,26.529411764705884,Japan,University of Fukui,103586400,7.5,1,4,22.857142857142858,8.571428571428571,2
55627873653,2,3,Baba H.,3,81,27.0,Japan,University of Fukui,103586400,8.5,1,6,23.666666666666668,8.083333333333334,3
55879458900,2,6,Garst J.,12,176,14.666666666666666,United States,David Geffen School of Medicine at UCLA,110195786,15.0,1,6,3.064935064935065,2.0,3
55864626900,2,4,Espinal M.,7,44,6.285714285714286,United States,"University of California, Los Angeles",114715353,15.0,1,6,3.2467532467532467,2.0,3
55879358000,2,3,Paak B.,5,31,6.2,United States,"University of California, Los Angeles",113299840,15.0,1,6,3.3376623376623376,2.0,3
56397049900,2,2,Ghavamrezaii A.,2,17,8.5,United States,"University of California, Los Angeles",113299840,15.0,1,6,3.4285714285714284,2.0,3
56396224900,2,2,Wu I.,2,17,8.5,United States,"University of California, Los Angeles",112440090,15.0,1,5,3.375,2.0,3
55917918800,2,4,Li C.,6,39,6.5,United States,"University of California, Los Angeles",113299840,15.0,1,6,3.2467532467532467,2.0,3
56395876500,2,3,Lu D.,6,34,5.666666666666667,United States,UCLA Health Sciences,108367018,15.0,1,6,3.3376623376623376,2.0,3
55864588900,2,2,Ghalehsari N.,4,19,4.75,United States,"University of California, Los Angeles",113299840,15.0,1,6,3.4285714285714284,2.0,3
55864799900,2,3,Razaghy M.,7,36,5.142857142857143,United States,Herman Ostrow School of Dentistry of USC,123944636,15.0,1,6,3.3376623376623376,2.0,3
6603598116,2,9,Magge S.,15,652,43.46666666666667,United States,Lahey Hospital & Medical Center,100274703,12.0,1,3,33.0,9.2,2
56158900200,2,7,Wu L.,20,139,6.95,China,Nanchang University,112866453,5.0,2,2,32.0,8.666666666666666,3
55547110438,4,9,Wang X.,19,257,13.526315789473685,China,Changzheng Hospital,113918965,8.0,2,7,12.043478260869565,4.695652173913044,2
7004820692,6,66,McAfee P.,215,12550,58.372093023255815,United States,University of Maryland,113647055,6.333333333333333,1,8,26.571428571428573,4.523809523809524,1
6701644446,2,8,Biro C.,9,385,42.77777777777778,United States,University Hospitals Case Medical Center,104104113,3.5,1,1,57.0,7.0,2
7202796872,2,9,Nishi Y.,9,616,68.44444444444444,Japan,Keio University,100294098,3.0,1,4,37.285714285714285,8.285714285714286,2
57202760671,2,0,Qiu Y.,2,0,0.0,China,Fujian Medical University,118995010,6.0,1,1,1.1666666666666667,2.0,3
57209213712,2,0,Zeng J.,3,0,0.0,China,Fujian Medical University,118995010,6.0,1,1,1.1666666666666667,2.0,3
57202760163,2,0,Chen C.,5,0,0.0,China,Fujian Medical University,118995010,6.0,1,1,1.1666666666666667,2.0,3
56325519600,2,2,Xie Y.,8,13,1.625,China,Fujian Medical University,118995010,6.0,1,1,0.8333333333333334,2.0,3
55763337800,2,3,Wang F.,8,29,3.625,China,Fujian Medical University,118995010,6.0,1,1,0.6666666666666666,2.0,3
57216823518,2,0,Chen Y.,1,0,0.0,China,Fujian Medical University,118995010,6.0,1,1,1.1666666666666667,2.0,3
57211972189,2,2,Ye J.,4,7,1.75,China,Fujian Medical University,118995010,6.0,1,1,0.8333333333333334,2.0,3
7004406757,6,45,Abumi K.,157,7833,49.89171974522293,Japan,Sapporo Orthopaedic Hospital,116666087,8.166666666666666,1,18,23.68421052631579,7.526315789473684,1
6701562478,2,9,Fujiya M.,18,1424,79.11111111111111,Japan,Hokkaido Orthopedic Memorial Hospital,100363737,4.0,1,1,45.0,6.0,2
7404084774,2,11,Itoh H.,15,444,29.6,Japan,Shinshu University,100290091,6.0,0,0,0.0,0.0,2
6603039134,2,11,Katsuura A.,19,771,40.578947368421055,Japan,Shiga University of Medical Science,103415218,4.0,0,0,0.0,0.0,2
56806697700,2,4,Dufour T.,7,154,22.0,France,Clinique Geoffroy Saint-Hilaire,60083828,7.0,1,2,5.0,2.0,3
6506300712,2,6,Aubourg L.,11,228,20.727272727272727,France,LDR Medical,107034224,7.0,1,2,4.0,2.0,2
35068045100,2,4,Huppert J.,10,160,16.0,France,Clinique du Parc,122935628,7.0,1,2,5.0,2.0,3
16302561800,2,3,Yamada H.,5,62,12.4,Japan,"Saitama Medical Center, Saitama Medical University",100247085,5.0,1,2,9.0,3.3333333333333335,3
57194384908,2,9,Nakajima T.,16,239,14.9375,Japan,Gunma University Faculty of Medicine,103341727,7.0,1,3,5.8,2.6,2
55432622700,3,8,Tsutsumi S.,11,199,18.09090909090909,Japan,Gunma University Faculty of Medicine,103341727,6.666666666666667,1,4,5.777777777777778,2.2222222222222223,3
15056503900,2,11,Morozumi N.,20,436,21.8,Japan,"National Hospital Organization, Japan",113613372,8.5,1,1,7.0,2.0,2
6507177263,2,7,Kasama F.,14,158,11.285714285714286,Japan,Matsuda Hospital,107988949,8.5,1,1,11.0,2.0,3
6508328315,4,17,Cappuccino A.,25,1460,58.4,United States,Buffalo Spine Surgery,60097935,7.25,1,6,41.4,5.266666666666667,2
26535541500,2,3,Ahrens J.,3,399,133.0,United States,Pivotal Research Solutions,107213010,7.5,1,4,49.0,6.5,2
6603828753,2,9,Metcalf N.,10,840,84.0,United States,"Medtronic, Inc.",60000723,4.0,1,2,49.5,7.0,2
7004439477,2,13,Rabin D.,19,524,27.57894736842105,United States,St. Luke's University Health Network,113083360,8.5,1,2,72.0,21.5,2
27268069600,3,9,Xu J.,26,258,9.923076923076923,China,Hebei Medical University,103539206,5.0,1,2,16.8,10.3,2
57199658680,2,5,Srivastava A.,17,163,9.588235294117647,India,"Indian Spinal Injuries Centre, New Delhi",122566359,8.0,1,2,12.333333333333334,5.666666666666667,3
8587051000,3,3,Xu T.,19,60,3.1578947368421053,China,Tianjin Union Medical Center,107928438,4.0,2,3,2.25,2.0,3
53980411000,2,3,Rhee S.,4,21,5.25,Germany,St. Vinzenz Hospital,112110798,7.5,0,0,0.0,0.0,3
24401807100,2,3,Shen Q.,13,29,2.230769230769231,China,Tianjin Union Medical Center,118514062,4.0,2,3,2.25,2.25,3
57198783397,2,1,Xia Y.,1,14,14.0,United States,Centers for Disease Control and Prevention,104107610,4.0,1,3,2.75,2.25,3
23979061900,2,3,Xia Y.,14,52,3.7142857142857144,China,Tianjin Union Medical Center (Tianjin People’s Hospital),123868822,4.0,2,4,2.25,2.25,3
38662700700,2,2,Li H.,8,24,3.0,China,Tianjin Union Medical Center (Tianjin People’s Hospital),123868822,4.0,2,4,2.5,2.25,3
24466904500,2,5,Zheng Y.,12,101,8.416666666666666,China,Qilu Hospital of Shandong University,106532399,4.5,1,1,5.0,2.0,3
20735717700,2,11,Takahashi M.,20,387,19.35,Japan,Kyorin University School of Medicine,103974692,14.5,1,17,27.41176470588235,8.411764705882353,2
8880375200,2,11,Tow B.,15,385,25.666666666666668,Singapore,Singapore General Hospital,113195985,10.5,2,3,11.4,6.4,2
9277170900,3,12,Tomizawa S.,27,343,12.703703703703704,Japan,Tokyo Medical and Dental University,60003303,9.0,1,6,21.916666666666668,7.458333333333333,2
57211771796,3,10,Hashimoto M.,16,485,30.3125,Japan,Chiba Rosai Hospital,112649582,8.333333333333334,1,7,24.466666666666665,5.666666666666667,2
54880293500,2,8,Chen Y.,14,121,8.642857142857142,China,Changzheng Hospital,113715444,12.0,2,5,12.222222222222221,5.222222222222222,3
36101760200,2,6,Tsai N.,12,168,14.0,Australia,Australian National University,60008950,12.0,1,4,12.444444444444445,5.222222222222222,3
7403418870,2,2,Peng Y.,2,21,10.5,China,Changzheng Hospital,113352074,12.0,2,4,12.88888888888889,5.222222222222222,3
55337045500,2,2,Gu S.,2,21,10.5,China,Changzheng Hospital,113715444,12.0,2,5,12.88888888888889,5.222222222222222,3
6507527350,2,6,Haddadian K.,15,102,6.8,Iran,Shahid Beheshti University of Medical Sciences,117007696,5.0,0,0,0.0,0.0,3
37040703300,2,7,Ohta R.,9,142,15.777777777777779,Japan,Graduate School of Biomedical and Health Sciences,124559565,7.0,1,3,24.916666666666668,5.833333333333333,3
27867684900,2,10,Izumi B.,20,426,21.3,Japan,Hiroshima City Asa Hospital,102397502,8.0,1,5,21.1875,5.25,2
34968816600,8,24,Tanaka N.,85,2208,25.976470588235294,Japan,Graduate School of Biomedical and Health Sciences,124559565,6.75,1,6,22.28846153846154,5.038461538461538,2
24471070600,4,11,Nakamae T.,31,324,10.451612903225806,Japan,Graduate School of Biomedical and Health Sciences,124559565,8.5,1,6,21.53125,5.0625,2
10040230100,7,23,Kamei N.,88,1774,20.15909090909091,Japan,Graduate School of Biomedical and Health Sciences,124559565,7.0,1,6,22.304347826086957,5.1521739130434785,2
37040399500,2,7,Fujioka Y.,13,170,13.076923076923077,Japan,Graduate School of Biomedical and Health Sciences,124559565,7.0,1,3,24.916666666666668,5.833333333333333,3
35448773300,7,19,Nakanishi K.,81,1091,13.469135802469136,Japan,Hiroshima University,104558481,7.0,1,5,22.91304347826087,5.1521739130434785,2
26536381900,3,8,Odate S.,18,152,8.444444444444445,Japan,Gakkentoshi Hospital,110886218,3.0,1,1,13.571428571428571,3.7142857142857144,3
54407733500,2,4,Yamamura S.,5,94,18.8,Japan,Gakkentoshi Hospital,110886218,3.0,1,1,14.2,4.0,3
55392336300,2,5,Gu Y.,6,161,26.833333333333332,China,Changzheng Hospital,107107990,6.0,1,4,14.625,7.25,3
55390830900,2,3,Shi J.,3,96,32.0,China,Shanghai Chest Hospital,104829832,6.0,1,4,15.125,7.25,3
37001804500,2,8,Tang K.,16,141,8.8125,China,The First Affiliated Hospital of Chongqing Medical University,123523612,7.5,0,0,0.0,0.0,3
36898740500,7,11,Kanbara S.,62,427,6.887096774193548,Japan,Nagoya University Graduate School of Medicine,124486518,8.0,1,7,25.01818181818182,16.10909090909091,2
36898777600,6,13,Morita D.,43,424,9.86046511627907,Japan,Hamamatsu Medical Center,106636682,7.833333333333333,1,6,24.622222222222224,16.555555555555557,2
23028138000,2,10,Lied B.,17,368,21.647058823529413,Norway,Oslofjordklinikken,115264303,5.0,1,2,7.0,2.0,2
36696325000,2,6,Halvorsen C.,7,154,22.0,Norway,Universitetet i Oslo,113019829,5.0,1,1,10.0,2.0,3
7201931734,2,5,Leach J.,13,107,8.23076923076923,United Kingdom,NHS Foundation Trust,114125368,4.0,0,0,0.0,0.0,3
7102760498,5,11,Sasai K.,21,400,19.047619047619047,Japan,Kishiwada Eishinkai Hospital,113656303,5.0,1,3,6.823529411764706,2.764705882352941,2
8610247000,2,4,Wakabayashi E.,5,108,21.6,Japan,Kishiwada Eishinkai Hospital,113656303,5.5,1,2,9.5,3.6666666666666665,3
20435030700,2,9,Umeda M.,9,258,28.666666666666668,Japan,Kansai Medical University,100295381,5.5,1,2,7.833333333333333,3.6666666666666665,2
55186690800,3,10,Fujiwara Y.,23,398,17.304347826086957,Japan,Japanese Orthopaedic Association,122272626,5.666666666666667,1,4,26.11111111111111,6.277777777777778,2
55722240600,4,15,Fujimoto Y.,37,890,24.054054054054053,Japan,JA Hiroshima General Hospital,113402341,8.0,1,5,20.444444444444443,5.074074074074074,2
55249407200,2,9,Soeda T.,14,865,61.785714285714285,Japan,Gakkentoshi Hospital,110886218,3.0,1,1,13.2,4.0,2
22955761300,3,10,McLoughlin G.,16,433,27.0625,United States,Johns Hopkins School of Medicine,113142459,8.0,1,4,47.5,5.25,2
16233214900,3,13,Gök B.,20,403,20.15,United States,Johns Hopkins University,103305435,8.0,1,4,46.75,5.25,2
16680121400,2,5,Taha M.,9,72,8.0,Saudi Arabia,"King Fahad Specialist Hospital, Dammam",107063673,3.0,1,1,5.0,2.0,3
16638276200,3,3,Mareš M.,3,211,70.33333333333333,Czech Republic,Fakultni Nemocnice Brno,100291007,7.333333333333333,1,4,18.473684210526315,8.368421052631579,2
57214489629,3,4,Smrčka V.,4,260,65.0,Czech Republic,Fakultni Nemocnice Brno,100291006,9.333333333333334,1,4,14.916666666666666,7.416666666666667,2
35744830000,2,8,Ikegami T.,13,1003,77.15384615384616,Japan,Fussa Hospital,123461091,4.0,1,1,14.0,4.0,2
6701797086,2,13,Käst E.,17,589,34.64705882352941,Switzerland,Kantonsspital Winterthur,119775007,3.0,0,0,0.0,0.0,2
56264808000,2,6,Saiki K.,8,261,32.625,Japan,"Saitama Medical Center, Saitama Medical University",100247085,3.5,1,2,10.666666666666666,3.3333333333333335,2
57190774877,2,3,Bommireddy R.,3,26,8.666666666666666,United Kingdom,Royal Derby Hospital,60138585,4.5,0,0,0.0,0.0,3
7004417466,2,7,Itabashi T.,16,257,16.0625,Japan,Towada City Hospital,123089256,8.0,1,7,15.923076923076923,7.230769230769231,2
56093325900,2,1,Wu Y.,5,15,3.0,Taiwan,Kuang Tien General Hospital,106891245,2.5,1,2,1.6,2.0,3
55467254500,2,1,Wang N.,5,15,3.0,Taiwan,Kuang Tien General Hospital,106891253,2.5,1,1,1.6,2.0,3
15034955300,2,2,Lin C.,6,56,9.333333333333334,Taiwan,Kuang Tien General Hospital,106891245,2.5,1,2,1.1428571428571428,2.0,3
16135466300,2,6,Abe R.,6,323,53.833333333333336,Japan,"Saitama Medical Center, Saitama Medical University",100247085,3.5,1,2,9.5,3.0,2
7403050531,3,11,Mochizuki M.,14,643,45.92857142857143,Japan,Numazu City Hospital,102139634,11.666666666666666,1,20,26.36,7.6,2
8368351700,2,9,Aiba A.,13,348,26.76923076923077,Japan,Numazu City Hospital,107021239,14.0,1,19,26.40909090909091,7.818181818181818,2
8610246700,3,6,Ohnari H.,7,177,25.285714285714285,Japan,Kansai Medical University,100295381,5.0,1,3,8.5,3.6,3
15033280400,4,7,Horie Y.,9,355,39.44444444444444,Japan,Chubu Rosai Hospital,107166408,6.75,2,8,26.625,16.083333333333332,2
6602210583,3,5,DuPlessis S.,12,140,11.666666666666666,Canada,University of Calgary,103163748,3.0,0,0,0.0,0.0,3
6508380450,2,3,Matusaka Y.,4,41,10.25,Japan,Osaka City General Hospital,104136368,8.5,0,0,0.0,0.0,3
8917710500,2,3,Hirabayashi H.,3,252,84.0,Japan,Keio University School of Medicine,104279550,8.0,1,5,40.714285714285715,10.142857142857142,2
7102975555,2,6,Wada E.,8,485,60.625,Japan,Hoshigaoka Koseinenkin Hospital,102712469,11.0,1,11,41.07692307692308,11.76923076923077,2
10045179800,3,13,Hamasaki T.,24,631,26.291666666666668,Japan,"National Hospital Organization, Japan",113613372,7.0,1,3,21.75,5.25,2
35316408200,2,8,Sasaki H.,10,167,16.7,Japan,Graduate School of Biomedical and Health Sciences,124559565,9.0,1,4,22.375,5.375,3
24175063000,2,8,Yamamoto R.,10,168,16.8,Japan,Graduate School of Biomedical and Health Sciences,124559565,9.0,1,4,22.375,5.375,3
12776769000,2,3,Shimegi A.,3,55,18.333333333333332,Japan,Graduate School of Medicine,124525153,6.5,1,4,6.625,2.5,3
56317457300,2,4,Nakagawa Y.,4,98,24.5,Japan,Graduate School of Medicine,124525153,6.5,1,4,6.375,2.5,3
7403056154,4,9,Harada T.,14,461,32.92857142857143,Japan,Hyogo Prefectural Kakogawa Hospital,102177348,5.5,1,8,27.041666666666668,5.583333333333333,2
36042625900,4,18,Miyamoto H.,40,894,22.35,Japan,Kindai University Hospital,124384814,6.0,1,7,24.95,5.55,2
7404412509,2,2,Sakai H.,2,19,9.5,Japan,Kobe University School of Medicine,116551249,6.0,1,6,25.857142857142858,5.714285714285714,3
57199401873,2,2,Kaneko T.,2,19,9.5,Japan,Kobe University,103611156,6.0,1,6,25.857142857142858,5.714285714285714,3
35187262400,2,4,Ito J.,5,163,32.6,Japan,Aomori Prefectural Central Hospital,124107093,9.0,1,7,15.714285714285714,7.214285714285714,3
17833435300,3,9,Akagi S.,20,349,17.45,Japan,Kansai Medical University,100295381,4.666666666666667,1,3,7.5,3.75,2
35579851100,3,5,Kato I.,7,221,31.571428571428573,Japan,Meijibashi Hospital,102510349,4.666666666666667,1,2,9.0,3.75,2
7103280519,2,4,Papadopoulos C.,5,145,29.0,Greece,Panepistimio Kritis,103123327,4.0,1,1,4.0,2.0,3
57214340250,2,0,Wahlmeier S.,2,0,0.0,United States,William Beaumont Hospital,104020136,6.0,1,3,5.25,2.0,3
57201212156,2,3,Fahs A.,6,19,3.1666666666666665,United States,William Beaumont Hospital,115095067,6.0,1,3,4.5,2.0,3
35779076200,2,6,Possley D.,13,177,13.615384615384615,United States,Cornerstone Orthopedics and Sports Medicine,110152993,6.0,1,4,3.4285714285714284,2.0,3
36004849900,2,6,Khalil J.,15,92,6.133333333333334,United States,Oakland University,108247254,6.0,1,3,3.75,2.0,3
12770999800,2,5,Takayama H.,5,76,15.2,Japan,Hyogo Prefectural Kakogawa Hospital,102246185,5.0,1,5,31.785714285714285,6.285714285714286,3
15756058400,2,6,Maio K.,11,189,17.181818181818183,Japan,Wakayama Rosai Hospital,100473518,7.0,1,3,23.5,6.833333333333333,3
57216238602,2,12,Shin H.,18,515,28.61111111111111,South Korea,"SungKyunKwan University, School of Medicine",110233354,5.0,1,1,12.0,2.0,2
15131949900,2,8,Gilder K.,11,474,43.09090909090909,United States,"Orexigen Therapeutics, Inc.",100697772,7.0,1,4,27.88888888888889,4.222222222222222,2
53878303400,2,3,Reah C.,4,279,69.75,United States,"NuVasive, Inc.",100547861,7.0,1,5,29.0,4.222222222222222,2
56047055500,2,2,Howell K.,2,201,100.5,United States,"NuVasive, Inc.",100547861,7.0,1,5,29.22222222222222,4.222222222222222,2
6602844918,2,14,BenDebba M.,18,970,53.888888888888886,United States,Johns Hopkins School of Medicine,108058136,3.0,1,1,3.0,2.0,2
57199369744,2,3,Davis J.,3,382,127.33333333333333,United States,University Hospitals Case Medical Center,113690940,3.0,1,1,14.0,2.0,2
7801601769,3,12,Banco R.,19,1111,58.473684210526315,United States,Boston Spine Group,107089495,16.666666666666668,2,13,49.30769230769231,9.76923076923077,2
35738692600,3,16,Janssen M.,29,1376,47.44827586206897,United States,Spine Education and Research Institute,100477803,16.666666666666668,2,13,49.0,9.76923076923077,2
7003325532,3,17,Woodard E.,30,2020,67.33333333333333,United States,New England Baptist Hospital,103687095,16.666666666666668,2,13,48.92307692307692,9.76923076923077,2
37044095200,2,5,Ding Y.,6,117,19.5,China,Xijing Hospital,104763792,4.0,1,1,35.75,12.0,3
57189895135,2,1,Mandal S.,2,3,1.5,India,West Bengal University of Health Sciences,60069476,4.0,1,1,2.25,2.0,3
57214311632,2,5,Mukherjee A.,10,57,5.7,India,West Bengal University of Health Sciences,60069476,4.0,1,1,1.25,2.0,3
57189895138,2,1,Mandal S.,2,3,1.5,India,West Bengal University of Health Sciences,60069476,4.0,1,1,2.25,2.0,3
57214483838,2,2,Kundu S.,3,18,6.0,India,West Bengal University of Health Sciences,60069476,4.0,1,1,2.0,2.0,3
57189885979,2,1,Banerjee U.,2,3,1.5,India,West Bengal University of Health Sciences,60069476,4.0,1,1,2.25,2.0,3
56864769800,2,1,Ma J.,1,1,1.0,China,Qingdao University,110386234,4.0,1,3,1.25,2.0,3
57216104482,2,1,Zou Y.,2,7,3.5,China,Qingdao University,110386234,4.0,1,3,1.25,2.0,3
56866481100,2,1,Li X.,1,1,1.0,China,Qingdao University,110386234,4.0,1,3,1.25,2.0,3
57196240297,2,1,Zhao Y.,1,1,1.0,China,Qingdao University,60030434,4.0,1,2,1.25,2.0,3
55905056800,2,2,Chu Y.,4,16,4.0,China,Qingdao University,104539763,4.0,1,2,1.0,2.0,3
56878091400,2,1,Ye Z.,1,15,15.0,China,306th Hospital of the People's Liberation Army,100299645,9.0,1,4,5.0,2.0,3
57191877472,2,6,Gu X.,8,67,8.375,China,Changhai Hospital,104766404,9.0,1,4,4.0,2.0,3
57004456800,2,7,Lv R.,16,94,5.875,China,China Medical University Shenyang,103490251,9.0,1,3,3.857142857142857,2.0,3
55794197000,2,8,Wu Y.,14,164,11.714285714285714,China,Changhai Hospital,60069758,9.0,1,4,3.7142857142857144,2.0,3
56666668400,2,6,Ding M.,11,93,8.454545454545455,China,Changhai Hospital,104766404,9.0,1,4,4.0,2.0,3
56666306600,2,4,Lu C.,6,65,10.833333333333334,China,Changhai Hospital,104766404,9.0,1,4,4.285714285714286,2.0,3
57199160544,2,1,Li M.,1,15,15.0,China,Changhai Hospital,60069758,9.0,1,4,4.714285714285714,2.0,3
